Date,Close,Volume,Open,High,Low
8/30/2022,$10.00 ,77906200,$162.13 ,$162.56 ,$157.72 
8/29/2022,$20.00 ,73313950,$161.15 ,$162.90 ,$159.82 
8/26/2022,$30.00 ,78960980,$170.57 ,$171.05 ,$163.56 
8/25/2022,$40.00 ,51218210,$168.78 ,$170.14 ,$168.35 
8/24/2022,$50.00 ,53841520,$167.32 ,$168.11 ,$166.25 
8/23/2022,$60.00 ,54147080,$167.08 ,$168.71 ,$166.65 
8/22/2022,$70.00 ,69026810,$169.69 ,$169.86 ,$167.14 
8/19/2022,$80.00 ,70346300,$173.03 ,$173.74 ,$171.31 
8/18/2022,$90.00 ,62290080,$173.75 ,$174.90 ,$173.12 
8/17/2022,$100.00 ,79542040,$172.77 ,$176.15 ,$172.57 
8/16/2022,$110.00 ,56377050,$172.78 ,$173.71 ,$171.66 
8/15/2022,$120.00 ,54091690,$171.52 ,$173.39 ,$171.35 
8/12/2022,$130.00 ,68039380,$169.82 ,$172.17 ,$169.40 
8/11/2022,$140.00 ,57149160,$170.06 ,$170.99 ,$168.19 
8/10/2022,$150.00 ,70170540,$167.68 ,$169.34 ,$166.90 
8/9/2022,$160.00 ,63135500,$164.02 ,$165.82 ,$163.25 
8/8/2022,$170.00 ,60362340,$166.37 ,$167.81 ,$164.20 
8/5/2022,$180.00 ,56696990,$163.21 ,$165.85 ,$163 
8/4/2022,$190.00 ,55474140,$166.01 ,$167.19 ,$164.43 
8/3/2022,$200.00 ,82507490,$160.84 ,$166.59 ,$160.75 
8/2/2022,$10.00 ,59907030,$160.10 ,$162.41 ,$159.63 
8/1/2022,$20.00 ,67829380,$161.01 ,$163.59 ,$160.89 
7/29/2022,$30.00 ,101786900,$161.24 ,$163.63 ,$159.50 
7/28/2022,$40.00 ,81378730,$156.98 ,$157.64 ,$154.41 
7/27/2022,$50.00 ,78620690,$152.58 ,$157.33 ,$152.16 
7/26/2022,$60.00 ,55138690,$152.27 ,$153.09 ,$150.80 
7/25/2022,$70.00 ,53623950,$154.01 ,$155.04 ,$152.28 
7/22/2022,$80.00 ,66675410,$155.39 ,$156.28 ,$153.41 
7/21/2022,$90.00 ,65086640,$154.50 ,$155.57 ,$151.94 
7/20/2022,$100.00 ,64823410,$151.12 ,$153.72 ,$150.37 
7/19/2022,$110.00 ,82982370,$147.92 ,$151.23 ,$146.91 
7/18/2022,$120.00 ,81420870,$150.74 ,$151.57 ,$146.70 
7/15/2022,$130.00 ,76259930,$149.78 ,$150.86 ,$148.20 
7/14/2022,$140.00 ,78140740,$144.08 ,$148.95 ,$143.25 
7/13/2022,$150.00 ,71185560,$142.99 ,$146.45 ,$142.12 
7/12/2022,$160.00 ,77588760,$145.76 ,$148.45 ,$145.05 
7/11/2022,$170.00 ,63305110,$145.67 ,$146.64 ,$143.78 
7/8/2022,$180.00 ,64547800,$145.27 ,$147.55 ,$145 
7/7/2022,$190.00 ,66253710,$143.29 ,$146.55 ,$143.28 
7/6/2022,$200.00 ,74064250,$141.36 ,$144.12 ,$141.08 
7/5/2022,$10.00 ,73429640,$137.77 ,$141.61 ,$136.93 
7/1/2022,$20.00 ,71051550,$136.04 ,$139.04 ,$135.66 
6/30/2022,$30.00 ,98964470,$137.25 ,$138.37 ,$133.77 
6/29/2022,$40.00 ,66242410,$137.46 ,$140.67 ,$136.67 
6/28/2022,$50.00 ,67315330,$142.13 ,$143.42 ,$137.33 
6/27/2022,$60.00 ,70207910,$142.70 ,$143.49 ,$140.97 
6/24/2022,$70.00 ,89116840,$139.90 ,$141.91 ,$139.77 
6/23/2022,$80.00 ,72433770,$136.82 ,$138.59 ,$135.63 
6/22/2022,$90.00 ,73409230,$134.79 ,$137.76 ,$133.91 
6/21/2022,$100.00 ,81000490,$133.42 ,$137.06 ,$133.32 
6/17/2022,$110.00 ,134520300,$130.07 ,$133.08 ,$129.81 
6/16/2022,$120.00 ,107961500,$132.08 ,$132.39 ,$129.04 
6/15/2022,$130.00 ,91532970,$134.29 ,$137.34 ,$132.16 
6/14/2022,$140.00 ,84784330,$133.13 ,$133.89 ,$131.48 
6/13/2022,$150.00 ,122207100,$132.87 ,$135.20 ,$131.44 
6/10/2022,$160.00 ,91566640,$140.28 ,$140.76 ,$137.06 
6/9/2022,$170.00 ,69472980,$147.08 ,$147.95 ,$142.53 
6/8/2022,$180.00 ,53950200,$148.58 ,$149.87 ,$147.46 
6/7/2022,$190.00 ,67808150,$144.35 ,$149 ,$144.10 
6/6/2022,$200.00 ,71598380,$147.03 ,$148.57 ,$144.90 
6/3/2022,$10.00 ,88570290,$146.90 ,$147.97 ,$144.46 
6/2/2022,$20.00 ,72348060,$147.83 ,$151.27 ,$146.86 
6/1/2022,$30.00 ,74286640,$149.90 ,$151.74 ,$147.68 
5/31/2022,$40.00 ,103718400,$149.07 ,$150.66 ,$146.84 
5/27/2022,$50.00 ,90978500,$145.39 ,$149.68 ,$145.26 
5/26/2022,$60.00 ,90601550,$137.39 ,$144.34 ,$137.14 
5/25/2022,$70.00 ,92482700,$138.43 ,$141.79 ,$138.34 
5/24/2022,$80.00 ,104132700,$140.81 ,$141.97 ,$137.33 
5/23/2022,$90.00 ,117726300,$137.79 ,$143.26 ,$137.65 
5/20/2022,$100.00 ,137426100,$139.09 ,$140.70 ,$132.61 
5/19/2022,$110.00 ,136095600,$139.88 ,$141.66 ,$136.60 
5/18/2022,$120.00 ,109742900,$146.85 ,$147.36 ,$139.90 
5/17/2022,$130.00 ,78336250,$148.86 ,$149.77 ,$146.68 
5/16/2022,$140.00 ,86643780,$145.55 ,$147.52 ,$144.18 
5/13/2022,$150.00 ,113990900,$144.59 ,$148.11 ,$143.11 
5/12/2022,$160.00 ,182602000,$142.77 ,$146.20 ,$138.80 
5/11/2022,$170.00 ,142689800,$153.50 ,$155.45 ,$145.81 
5/10/2022,$180.00 ,115366700,$155.52 ,$156.74 ,$152.93 
5/9/2022,$190.00 ,131577900,$154.93 ,$155.83 ,$151.49 
5/6/2022,$200.00 ,116124600,$156.01 ,$159.44 ,$154.18 
5/5/2022,$10.00 ,130525300,$163.85 ,$164.08 ,$154.95 
5/4/2022,$20.00 ,108256500,$159.67 ,$166.48 ,$159.26 
5/3/2022,$30.00 ,88966530,$158.15 ,$160.71 ,$156.32 
5/2/2022,$40.00 ,123055300,$156.71 ,$158.23 ,$153.27 
4/29/2022,$50.00 ,131747600,$161.84 ,$166.20 ,$157.25 
4/28/2022,$60.00 ,130216800,$159.25 ,$164.52 ,$158.93 
4/27/2022,$70.00 ,88063190,$155.91 ,$159.79 ,$155.38 
4/26/2022,$80.00 ,95623240,$162.25 ,$162.34 ,$156.72 
4/25/2022,$90.00 ,96046380,$161.12 ,$163.17 ,$158.46 
4/22/2022,$100.00 ,84882420,$166.46 ,$167.87 ,$161.50 
4/21/2022,$110.00 ,87227770,$168.91 ,$171.53 ,$165.91 
4/20/2022,$120.00 ,67929810,$168.76 ,$168.88 ,$166.10 
4/19/2022,$130.00 ,67723830,$165.02 ,$167.82 ,$163.91 
4/18/2022,$140.00 ,69023940,$163.92 ,$166.60 ,$163.57 
4/14/2022,$150.00 ,75329380,$170.62 ,$171.27 ,$165.04 
4/13/2022,$160.00 ,70618930,$167.39 ,$171.04 ,$166.77 
4/12/2022,$170.00 ,79265180,$168.02 ,$169.87 ,$166.64 
4/11/2022,$180.00 ,72246710,$168.71 ,$169.03 ,$165.50 
4/8/2022,$190.00 ,76575510,$171.78 ,$171.78 ,$169.20 
4/7/2022,$200.00 ,77594650,$171.16 ,$173.36 ,$169.85 
4/6/2022,$10.00 ,89058780,$172.36 ,$173.63 ,$170.13 
4/5/2022,$20.00 ,73401790,$177.50 ,$178.30 ,$174.42 
4/4/2022,$30.00 ,76545980,$174.57 ,$178.49 ,$174.44 
4/1/2022,$40.00 ,78751330,$174.03 ,$174.88 ,$171.94 
3/31/2022,$50.00 ,103049300,$177.84 ,$178.03 ,$174.40 
3/30/2022,$60.00 ,92633150,$178.55 ,$179.61 ,$176.70 
3/29/2022,$70.00 ,100589400,$176.69 ,$179.01 ,$176.34 
3/28/2022,$80.00 ,90371920,$172.17 ,$175.73 ,$172 
3/25/2022,$90.00 ,80546160,$173.88 ,$175.28 ,$172.75 
3/24/2022,$100.00 ,90131420,$171.06 ,$174.14 ,$170.21 
3/23/2022,$110.00 ,98062670,$167.99 ,$172.64 ,$167.65 
3/22/2022,$120.00 ,81532010,$165.51 ,$169.42 ,$164.91 
3/21/2022,$130.00 ,95811350,$163.51 ,$166.35 ,$163.02 
3/18/2022,$140.00 ,123511700,$160.51 ,$164.48 ,$159.76 
3/17/2022,$150.00 ,75615380,$158.61 ,$161 ,$157.63 
3/16/2022,$160.00 ,102300200,$157.05 ,$160 ,$154.46 
3/15/2022,$170.00 ,92964300,$150.90 ,$155.57 ,$150.38 
3/14/2022,$180.00 ,108732100,$151.45 ,$154.12 ,$150.10 
3/11/2022,$190.00 ,96970100,$158.93 ,$159.28 ,$154.50 
3/10/2022,$200.00 ,105342000,$160.20 ,$160.39 ,$155.98 
3/9/2022,$10.00 ,91454910,$161.48 ,$163.41 ,$159.41 
3/8/2022,$20.00 ,131148300,$158.82 ,$162.88 ,$155.80 
3/7/2022,$30.00 ,96418850,$163.36 ,$165.02 ,$159.04 
3/4/2022,$40.00 ,83819590,$164.49 ,$165.55 ,$162.10 
3/3/2022,$50.00 ,76678440,$168.47 ,$168.91 ,$165.55 
3/2/2022,$60.00 ,79724750,$164.39 ,$167.36 ,$162.95 
3/1/2022,$70.00 ,83474430,$164.70 ,$166.60 ,$161.97 
2/28/2022,$80.00 ,95056630,$163.06 ,$165.42 ,$162.43 
2/25/2022,$90.00 ,91974220,$163.84 ,$165.12 ,$160.87 
2/24/2022,$100.00 ,141147500,$152.58 ,$162.85 ,$152 
2/23/2022,$110.00 ,90009250,$165.54 ,$166.15 ,$159.75 
2/22/2022,$120.00 ,91162760,$164.98 ,$166.69 ,$162.15 
2/18/2022,$130.00 ,82772670,$169.82 ,$170.54 ,$166.19 
2/17/2022,$140.00 ,69589340,$171.03 ,$171.91 ,$168.47 
2/16/2022,$150.00 ,61177400,$171.85 ,$173.34 ,$170.05 
2/15/2022,$160.00 ,64286320,$170.97 ,$172.95 ,$170.25 
2/14/2022,$170.00 ,86185530,$167.37 ,$169.58 ,$166.56 
2/11/2022,$180.00 ,98670690,$172.33 ,$173.08 ,$168.04 
2/10/2022,$190.00 ,90865900,$174.14 ,$175.48 ,$171.55 
2/9/2022,$200.00 ,71285040,$176.05 ,$176.65 ,$174.90 
2/8/2022,$10.00 ,74829220,$171.73 ,$175.35 ,$171.43 
2/7/2022,$20.00 ,77251200,$172.86 ,$173.95 ,$170.95 
2/4/2022,$30.00 ,82465400,$171.68 ,$174.10 ,$170.68 
2/3/2022,$40.00 ,89418070,$174.48 ,$176.24 ,$172.12 
2/2/2022,$50.00 ,84914260,$174.75 ,$175.88 ,$173.33 
2/1/2022,$60.00 ,86213910,$174.01 ,$174.84 ,$172.31 
1/31/2022,$70.00 ,115541600,$170.16 ,$175 ,$169.51 
1/28/2022,$80.00 ,179935700,$165.71 ,$170.35 ,$162.80 
1/27/2022,$90.00 ,121954600,$162.45 ,$163.84 ,$158.28 
1/26/2022,$100.00 ,108275300,$163.50 ,$164.39 ,$157.82 
1/25/2022,$110.00 ,115798400,$158.98 ,$162.76 ,$157.02 
1/24/2022,$120.00 ,162706700,$160.02 ,$162.30 ,$154.70 
1/21/2022,$130.00 ,122848900,$164.42 ,$166.33 ,$162.30 
1/20/2022,$140.00 ,91420520,$166.98 ,$169.68 ,$164.18 
1/19/2022,$150.00 ,94814990,$170 ,$171.08 ,$165.94 
1/18/2022,$160.00 ,91168730,$171.51 ,$172.54 ,$169.41 
1/14/2022,$170.00 ,80440780,$171.34 ,$173.78 ,$171.09 
1/13/2022,$180.00 ,84505760,$175.78 ,$176.62 ,$171.79 
1/12/2022,$190.00 ,74805170,$176.12 ,$177.18 ,$174.82 
1/11/2022,$200.00 ,76138310,$172.32 ,$175.18 ,$170.82 
1/10/2022,$10.00 ,106765600,$169.08 ,$172.50 ,$168.17 
1/7/2022,$20.00 ,86709150,$172.89 ,$174.14 ,$171.03 
1/6/2022,$30.00 ,96903960,$172.70 ,$175.30 ,$171.64 
1/5/2022,$40.00 ,94537600,$179.61 ,$180.17 ,$174.64 
1/4/2022,$50.00 ,99310440,$182.63 ,$182.94 ,$179.12 
1/3/2022,$60.00 ,104701200,$177.83 ,$182.88 ,$177.71 
12/31/2021,$70.00 ,64062260,$178.09 ,$179.23 ,$177.26 
12/30/2021,$80.00 ,59773010,$179.47 ,$180.57 ,$178.09 
12/29/2021,$90.00 ,62348930,$179.33 ,$180.63 ,$178.14 
12/28/2021,$100.00 ,79144340,$180.16 ,$181.33 ,$178.53 
12/27/2021,$110.00 ,74919580,$177.09 ,$180.42 ,$177.07 
12/23/2021,$120.00 ,68356570,$175.85 ,$176.85 ,$175.27 
12/22/2021,$130.00 ,92135300,$173.04 ,$175.86 ,$172.15 
12/21/2021,$140.00 ,91185910,$171.56 ,$173.20 ,$169.12 
12/20/2021,$150.00 ,107499100,$168.28 ,$170.58 ,$167.46 
12/17/2021,$160.00 ,195923400,$169.93 ,$173.47 ,$169.69 
12/16/2021,$170.00 ,150185800,$179.28 ,$181.14 ,$170.75 
12/15/2021,$180.00 ,131063300,$175.11 ,$179.50 ,$172.31 
12/14/2021,$190.00 ,139380400,$175.25 ,$177.74 ,$172.21 
12/13/2021,$200.00 ,153237000,$181.12 ,$182.13 ,$175.53 
12/10/2021,$10.00 ,115402700,$175.21 ,$179.63 ,$174.69 
12/9/2021,$20.00 ,108923700,$174.91 ,$176.75 ,$173.92 
12/8/2021,$30.00 ,116998900,$172.13 ,$175.96 ,$170.70 
12/7/2021,$40.00 ,120405400,$169.08 ,$171.58 ,$168.34 
12/6/2021,$50.00 ,107497000,$164.29 ,$167.88 ,$164.28 
12/3/2021,$60.00 ,118023100,$164.02 ,$164.96 ,$159.72 
12/2/2021,$70.00 ,136739200,$158.74 ,$164.20 ,$157.80 
12/1/2021,$80.00 ,152423000,$167.48 ,$170.30 ,$164.53 
11/30/2021,$90.00 ,174048100,$159.99 ,$165.52 ,$159.92 
11/29/2021,$100.00 ,88748220,$159.37 ,$161.19 ,$158.79 
11/26/2021,$110.00 ,76959750,$159.57 ,$160.45 ,$156.36 
11/24/2021,$120.00 ,69463620,$160.75 ,$162.14 ,$159.64 
11/23/2021,$130.00 ,96041900,$161.12 ,$161.80 ,$159.06 
11/22/2021,$140.00 ,117467900,$161.68 ,$165.70 ,$161 
11/19/2021,$150.00 ,117305600,$157.65 ,$161.02 ,$156.53 
11/18/2021,$160.00 ,137827700,$153.71 ,$158.67 ,$153.05 
11/17/2021,$170.00 ,88807000,$151.00 ,$155 ,$150.99 
11/16/2021,$180.00 ,59256210,$149.94 ,$151.49 ,$149.34 
11/15/2021,$190.00 ,59222800,$150.37 ,$151.88 ,$149.43 
11/12/2021,$200.00 ,63804010,$148.43 ,$150.40 ,$147.48 
11/11/2021,$10.00 ,40999950,$148.96 ,$149.43 ,$147.68 
11/10/2021,$20.00 ,65187090,$150.02 ,$150.13 ,$147.85 
11/9/2021,$30.00 ,56787930,$150.20 ,$151.43 ,$150.06 
11/8/2021,$40.00 ,55020870,$151.41 ,$151.57 ,$150.16 
11/5/2021,$50.00 ,65463880,$151.89 ,$152.20 ,$150.06 
11/4/2021,$60.00 ,60394620,$151.58 ,$152.43 ,$150.64 
11/3/2021,$70.00 ,54511530,$150.39 ,$151.97 ,$149.82 
11/2/2021,$80.00 ,69121990,$148.66 ,$151.57 ,$148.65 
11/1/2021,$90.00 ,74588260,$148.99 ,$149.70 ,$147.80 
10/29/2021,$100.00 ,124953200,$147.22 ,$149.94 ,$146.41 
10/28/2021,$110.00 ,100077900,$149.82 ,$153.17 ,$149.72 
10/27/2021,$120.00 ,56094930,$149.36 ,$149.73 ,$148.49 
10/26/2021,$130.00 ,60893400,$149.33 ,$150.84 ,$149.01 
10/25/2021,$140.00 ,50720560,$148.68 ,$149.37 ,$147.62 
10/22/2021,$150.00 ,58883440,$149.69 ,$150.18 ,$148.64 
10/21/2021,$160.00 ,61420990,$148.81 ,$149.64 ,$147.87 
10/20/2021,$170.00 ,58418790,$148.70 ,$149.75 ,$148.12 
10/19/2021,$180.00 ,76378890,$147.01 ,$149.17 ,$146.55 
10/18/2021,$190.00 ,85589180,$143.45 ,$146.84 ,$143.16 
10/15/2021,$200.00 ,67940330,$143.77 ,$144.90 ,$143.51 
10/14/2021,$10.00 ,69907100,$142.11 ,$143.88 ,$141.51 
10/13/2021,$20.00 ,78762720,$141.24 ,$141.40 ,$139.20 
10/12/2021,$30.00 ,73035860,$143.23 ,$143.25 ,$141.04 
10/11/2021,$40.00 ,64452220,$142.27 ,$144.81 ,$141.81 
10/8/2021,$50.00 ,58773160,$144.03 ,$144.18 ,$142.56 
10/7/2021,$60.00 ,61732660,$143.06 ,$144.22 ,$142.72 
10/6/2021,$70.00 ,83221120,$139.47 ,$142.15 ,$138.37 
10/5/2021,$80.00 ,80861060,$139.49 ,$142.24 ,$139.36 
10/4/2021,$90.00 ,98322010,$141.76 ,$142.21 ,$138.27 
10/1/2021,$100.00 ,94639580,$141.90 ,$142.92 ,$139.11 
9/30/2021,$110.00 ,89056660,$143.66 ,$144.38 ,$141.28 
9/29/2021,$120.00 ,74602040,$142.47 ,$144.45 ,$142.03 
9/28/2021,$130.00 ,108972300,$143.25 ,$144.75 ,$141.69 
9/27/2021,$140.00 ,74150730,$145.47 ,$145.96 ,$143.82 
9/24/2021,$150.00 ,53477870,$145.66 ,$147.47 ,$145.56 
9/23/2021,$160.00 ,64838170,$146.65 ,$147.08 ,$145.64 
9/22/2021,$170.00 ,76404340,$144.45 ,$146.43 ,$143.70 
9/21/2021,$180.00 ,75833960,$143.93 ,$144.60 ,$142.78 
9/20/2021,$190.00 ,123478900,$143.80 ,$144.84 ,$141.27 
9/17/2021,$200.00 ,129868800,$148.82 ,$148.82 ,$145.76 
9/16/2021,$10.00 ,68034150,$148.44 ,$148.97 ,$147.22 
9/15/2021,$20.00 ,83281320,$148.56 ,$149.44 ,$146.37 
9/14/2021,$30.00 ,109296300,$150.35 ,$151.07 ,$146.91 
9/13/2021,$40.00 ,102404300,$150.63 ,$151.42 ,$148.75 
9/10/2021,$50.00 ,140893200,$155 ,$155.48 ,$148.70 
9/9/2021,$60.00 ,57305730,$155.49 ,$156.11 ,$153.95 
9/8/2021,$70.00 ,74420210,$156.98 ,$157.04 ,$153.98 
9/7/2021,$80.00 ,82278260,$154.97 ,$157.26 ,$154.39 
9/3/2021,$90.00 ,57866070,$153.76 ,$154.63 ,$153.09 
9/2/2021,$100.00 ,71171320,$153.87 ,$154.72 ,$152.40 
9/1/2021,$110.00 ,80313710,$152.83 ,$154.98 ,$152.34 
8/31/2021,$120.00 ,86453120,$152.66 ,$152.80 ,$151.29 
8/30/2021,$130.00 ,90956720,$149 ,$153.49 ,$148.61 
8/27/2021,$140.00 ,55802390,$147.48 ,$148.75 ,$146.83 
8/26/2021,$150.00 ,48597200,$148.35 ,$149.12 ,$147.51 
8/25/2021,$160.00 ,58991300,$149.81 ,$150.32 ,$147.80 
8/24/2021,$170.00 ,48606430,$149.45 ,$150.86 ,$149.15 
8/23/2021,$180.00 ,60131810,$148.31 ,$150.19 ,$147.89 
8/20/2021,$190.00 ,60549630,$147.44 ,$148.50 ,$146.78 
8/19/2021,$200.00 ,86960310,$145.03 ,$148 ,$144.50 
8/18/2021,$10.00 ,86325990,$149.80 ,$150.72 ,$146.15 
8/17/2021,$20.00 ,92229740,$150.23 ,$151.68 ,$149.09 
8/16/2021,$30.00 ,103558800,$148.54 ,$151.19 ,$146.47 
8/13/2021,$40.00 ,59375010,$148.97 ,$149.44 ,$148.27 
8/12/2021,$50.00 ,73779110,$146.19 ,$149.05 ,$145.84 
8/11/2021,$60.00 ,48493460,$146.05 ,$146.72 ,$145.53 
8/10/2021,$70.00 ,69023080,$146.44 ,$147.71 ,$145.30 
8/9/2021,$80.00 ,48908690,$146.20 ,$146.70 ,$145.52 
8/6/2021,$90.00 ,54126810,$146.35 ,$147.11 ,$145.63 
8/5/2021,$100.00 ,46397670,$146.98 ,$147.84 ,$146.17 
8/4/2021,$110.00 ,56368270,$147.27 ,$147.79 ,$146.28 
8/3/2021,$120.00 ,64786620,$145.81 ,$148.05 ,$145.18 
8/2/2021,$130.00 ,62879960,$146.36 ,$146.95 ,$145.25 
7/30/2021,$140.00 ,70440630,$144.38 ,$146.33 ,$144.11 
7/29/2021,$150.00 ,56699480,$144.69 ,$146.55 ,$144.58 
7/28/2021,$160.00 ,118931200,$144.81 ,$146.97 ,$142.54 
7/27/2021,$170.00 ,104818600,$149.12 ,$149.21 ,$145.55 
7/26/2021,$180.00 ,72434090,$148.27 ,$149.83 ,$147.70 
7/23/2021,$190.00 ,71447420,$147.55 ,$148.72 ,$146.92 
7/22/2021,$200.00 ,77338160,$145.94 ,$148.20 ,$145.81 
7/21/2021,$10.00 ,74993460,$145.53 ,$146.13 ,$144.63 
7/20/2021,$20.00 ,96350040,$143.46 ,$147.10 ,$142.96 
7/19/2021,$30.00 ,121434600,$143.75 ,$144.07 ,$141.67 
7/16/2021,$40.00 ,93251430,$148.46 ,$149.76 ,$145.88 
7/15/2021,$50.00 ,106820300,$149.24 ,$150 ,$147.09 
7/14/2021,$60.00 ,127050800,$148.10 ,$149.57 ,$147.68 
7/13/2021,$70.00 ,100827100,$144.03 ,$147.46 ,$143.63 
7/12/2021,$80.00 ,76299720,$146.21 ,$146.32 ,$144 
7/9/2021,$90.00 ,99890800,$142.75 ,$145.65 ,$142.65 
7/8/2021,$100.00 ,105575500,$141.58 ,$144.06 ,$140.67 
7/7/2021,$110.00 ,104911600,$143.54 ,$144.89 ,$142.66 
7/6/2021,$120.00 ,108181800,$140.07 ,$143.15 ,$140.07 
7/2/2021,$130.00 ,78945570,$137.90 ,$140 ,$137.75 
7/1/2021,$140.00 ,52485780,$136.60 ,$137.33 ,$135.76 
6/30/2021,$150.00 ,63261390,$136.17 ,$137.41 ,$135.87 
6/29/2021,$160.00 ,64556080,$134.80 ,$136.49 ,$134.35 
6/28/2021,$170.00 ,62111300,$133.41 ,$135.25 ,$133.35 
6/25/2021,$180.00 ,70783750,$133.46 ,$133.89 ,$132.81 
6/24/2021,$190.00 ,68711000,$134.45 ,$134.64 ,$132.93 
6/23/2021,$200.00 ,60214200,$133.77 ,$134.32 ,$133.23 
6/22/2021,$10.00 ,74783620,$132.13 ,$134.08 ,$131.62 
6/21/2021,$20.00 ,79663320,$130.30 ,$132.41 ,$129.21 
6/18/2021,$30.00 ,108953300,$130.71 ,$131.51 ,$130.24 
6/17/2021,$40.00 ,96721670,$129.80 ,$132.55 ,$129.65 
6/16/2021,$50.00 ,91815030,$130.37 ,$130.89 ,$128.46 
6/15/2021,$60.00 ,62746330,$129.94 ,$130.60 ,$129.39 
6/14/2021,$70.00 ,96906490,$127.82 ,$130.54 ,$127.07 
6/11/2021,$80.00 ,53522370,$126.53 ,$127.44 ,$126.10 
6/10/2021,$90.00 ,71186420,$127.02 ,$128.19 ,$125.94 
6/9/2021,$100.00 ,56877940,$127.21 ,$127.75 ,$126.52 
6/8/2021,$110.00 ,74403770,$126.60 ,$128.46 ,$126.21 
6/7/2021,$120.00 ,71057550,$126.17 ,$126.32 ,$124.83 
6/4/2021,$130.00 ,75169340,$124.07 ,$126.16 ,$123.85 
6/3/2021,$140.00 ,76229170,$124.68 ,$124.85 ,$123.13 
6/2/2021,$150.00 ,59278860,$124.28 ,$125.24 ,$124.05 
6/1/2021,$160.00 ,67637120,$125.08 ,$125.35 ,$123.94 
5/28/2021,$170.00 ,71311110,$125.57 ,$125.80 ,$124.55 
5/27/2021,$180.00 ,94625600,$126.44 ,$127.64 ,$125.08 
5/26/2021,$190.00 ,56575920,$126.96 ,$127.39 ,$126.42 
5/25/2021,$200.00 ,72009480,$127.82 ,$128.32 ,$126.32 
5/24/2021,$10.00 ,63092950,$126.01 ,$127.94 ,$125.94 
5/21/2021,$20.00 ,79295440,$127.82 ,$128 ,$125.21 
5/20/2021,$30.00 ,76857120,$125.23 ,$127.72 ,$125.10 
5/19/2021,$40.00 ,92611990,$123.16 ,$124.92 ,$122.86 
5/18/2021,$50.00 ,63342930,$126.56 ,$126.99 ,$124.78 
5/17/2021,$60.00 ,74116550,$126.82 ,$126.93 ,$125.17 
5/14/2021,$70.00 ,81917950,$126.25 ,$127.89 ,$125.85 
5/13/2021,$80.00 ,105861300,$124.58 ,$126.15 ,$124.26 
5/12/2021,$90.00 ,112172300,$123.40 ,$124.64 ,$122.25 
5/11/2021,$100.00 ,126142800,$123.50 ,$126.27 ,$122.77 
5/10/2021,$110.00 ,88071230,$129.41 ,$129.54 ,$126.81 
5/7/2021,$120.00 ,78973270,$130.85 ,$131.26 ,$129.48 
5/6/2021,$130.00 ,78128330,$127.89 ,$129.75 ,$127.13 
5/5/2021,$140.00 ,84000900,$129.20 ,$130.45 ,$127.97 
5/4/2021,$150.00 ,137564700,$131.19 ,$131.49 ,$126.70 
5/3/2021,$160.00 ,75135100,$132.04 ,$134.07 ,$131.83 
4/30/2021,$170.00 ,109839500,$131.78 ,$133.56 ,$131.07 
4/29/2021,$180.00 ,151101000,$136.47 ,$137.07 ,$132.45 
4/28/2021,$190.00 ,107760100,$134.31 ,$135.02 ,$133.08 
4/27/2021,$200.00 ,66015800,$135.01 ,$135.41 ,$134.11 
4/26/2021,$10.00 ,66905070,$134.83 ,$135.06 ,$133.56 
4/23/2021,$20.00 ,78756780,$132.16 ,$135.12 ,$132.16 
4/22/2021,$30.00 ,84566460,$133.04 ,$134.15 ,$131.41 
4/21/2021,$40.00 ,68847140,$132.36 ,$133.75 ,$131.30 
4/20/2021,$50.00 ,94812350,$135.02 ,$135.53 ,$131.81 
4/19/2021,$60.00 ,94264220,$133.51 ,$135.47 ,$133.34 
4/16/2021,$70.00 ,84922390,$134.30 ,$134.67 ,$133.28 
4/15/2021,$80.00 ,89347100,$133.82 ,$135 ,$133.64 
4/14/2021,$90.00 ,87222780,$134.94 ,$135 ,$131.66 
4/13/2021,$100.00 ,91266550,$132.44 ,$134.66 ,$131.93 
4/12/2021,$110.00 ,91419980,$132.52 ,$132.85 ,$130.63 
4/9/2021,$120.00 ,106686700,$129.80 ,$133.04 ,$129.47 
4/8/2021,$130.00 ,88844590,$128.95 ,$130.39 ,$128.52 
4/7/2021,$140.00 ,83466720,$125.83 ,$127.92 ,$125.14 
4/6/2021,$150.00 ,80171250,$126.50 ,$127.13 ,$125.65 
4/5/2021,$160.00 ,88651180,$123.87 ,$126.16 ,$123.07 
4/1/2021,$170.00 ,75089130,$123.66 ,$124.18 ,$122.49 
3/31/2021,$180.00 ,118323800,$121.65 ,$123.52 ,$121.15 
3/30/2021,$190.00 ,85671920,$120.11 ,$120.40 ,$118.86 
3/29/2021,$200.00 ,80819200,$121.65 ,$122.58 ,$120.73 
3/26/2021,$10.00 ,94071230,$120.35 ,$121.48 ,$118.92 
3/25/2021,$20.00 ,98844680,$119.54 ,$121.66 ,$119 
3/24/2021,$30.00 ,88530490,$122.82 ,$122.90 ,$120.07 
3/23/2021,$40.00 ,95467140,$123.33 ,$124.24 ,$122.14 
3/22/2021,$50.00 ,111912300,$120.33 ,$123.87 ,$120.26 
3/19/2021,$60.00 ,185549500,$119.90 ,$121.43 ,$119.68 
3/18/2021,$70.00 ,121469800,$122.88 ,$123.18 ,$120.32 
3/17/2021,$80.00 ,111932600,$124.05 ,$125.86 ,$122.34 
3/16/2021,$90.00 ,115227900,$125.70 ,$127.22 ,$124.72 
3/15/2021,$100.00 ,92590560,$121.41 ,$124 ,$120.42 
3/12/2021,$110.00 ,88105050,$120.40 ,$121.17 ,$119.16 
3/11/2021,$120.00 ,103026500,$122.54 ,$123.21 ,$121.26 
3/10/2021,$130.00 ,111943300,$121.69 ,$122.17 ,$119.45 
3/9/2021,$140.00 ,129525800,$119.03 ,$122.06 ,$118.79 
3/8/2021,$150.00 ,154376600,$120.93 ,$121 ,$116.21 
3/5/2021,$160.00 ,153766600,$120.98 ,$121.94 ,$117.57 
3/4/2021,$170.00 ,178155000,$121.75 ,$123.60 ,$118.62 
3/3/2021,$180.00 ,112966300,$124.81 ,$125.71 ,$121.84 
3/2/2021,$190.00 ,102260900,$128.41 ,$128.72 ,$125.01 
3/1/2021,$200.00 ,116307900,$123.75 ,$127.93 ,$122.79 
2/26/2021,$10.00 ,164560400,$122.59 ,$124.85 ,$121.20 
2/25/2021,$20.00 ,148199500,$124.68 ,$126.46 ,$120.54 
2/24/2021,$30.00 ,111039900,$124.94 ,$125.56 ,$122.23 
2/23/2021,$40.00 ,158273000,$123.76 ,$126.71 ,$118.39 
2/22/2021,$50.00 ,103916400,$128.01 ,$129.72 ,$125.60 
2/19/2021,$60.00 ,87668830,$130.24 ,$130.71 ,$128.80 
2/18/2021,$70.00 ,96856750,$129.20 ,$130.00 ,$127.41 
2/17/2021,$80.00 ,98085250,$131.25 ,$132.22 ,$129.47 
2/16/2021,$90.00 ,80576320,$135.49 ,$136.01 ,$132.79 
2/12/2021,$100.00 ,60145130,$134.35 ,$135.53 ,$133.69 
2/11/2021,$110.00 ,64280030,$135.90 ,$136.39 ,$133.77 
2/10/2021,$120.00 ,73046560,$136.48 ,$136.99 ,$134.40 
2/9/2021,$130.00 ,76774210,$136.62 ,$137.88 ,$135.85 
2/8/2021,$140.00 ,71297210,$136.03 ,$136.96 ,$134.92 
2/5/2021,$150.00 ,75693830,$137.35 ,$137.42 ,$135.86 
2/4/2021,$160.00 ,84183060,$136.30 ,$137.40 ,$134.59 
2/3/2021,$170.00 ,89880940,$135.76 ,$135.77 ,$133.61 
2/2/2021,$180.00 ,83305370,$135.73 ,$136.31 ,$134.61 
2/1/2021,$190.00 ,106239800,$133.75 ,$135.38 ,$130.93 
1/29/2021,$200.00 ,177523800,$135.83 ,$136.74 ,$130.21 
1/28/2021,$10.00 ,142621100,$139.52 ,$141.99 ,$136.70 
1/27/2021,$20.00 ,140843800,$143.43 ,$144.30 ,$140.41 
1/26/2021,$30.00 ,98390560,$143.60 ,$144.30 ,$141.37 
1/25/2021,$40.00 ,157611700,$143.07 ,$145.09 ,$136.54 
1/22/2021,$50.00 ,114459400,$136.28 ,$139.85 ,$135.02 
1/21/2021,$60.00 ,120529500,$133.80 ,$139.67 ,$133.59 
1/20/2021,$70.00 ,104319500,$128.66 ,$132.49 ,$128.55 
1/19/2021,$80.00 ,90757330,$127.78 ,$128.71 ,$126.94 
1/15/2021,$90.00 ,111598500,$128.78 ,$130.22 ,$127 
1/14/2021,$100.00 ,90221760,$130.80 ,$131 ,$128.76 
1/13/2021,$110.00 ,88636830,$128.76 ,$131.45 ,$128.49 
1/12/2021,$120.00 ,91951150,$128.50 ,$129.69 ,$126.86 
1/11/2021,$130.00 ,100620900,$129.19 ,$130.17 ,$128.50 
1/8/2021,$140.00 ,105158200,$132.43 ,$132.63 ,$130.23 
1/7/2021,$150.00 ,109578200,$128.36 ,$131.63 ,$127.86 
1/6/2021,$160.00 ,155088000,$127.72 ,$131.05 ,$126.38 
1/5/2021,$170.00 ,97664900,$128.89 ,$131.74 ,$128.43 
1/4/2021,$180.00 ,143301900,$133.52 ,$133.61 ,$126.76 
12/31/2020,$190.00 ,99116590,$134.08 ,$134.74 ,$131.72 
12/30/2020,$200.00 ,96452120,$135.58 ,$135.99 ,$133.40 
12/29/2020,$10.00 ,121047300,$138.05 ,$138.79 ,$134.34 
12/28/2020,$20.00 ,124486200,$133.99 ,$137.34 ,$133.51 
12/24/2020,$30.00 ,54930060,$131.32 ,$133.46 ,$131.10 
12/23/2020,$40.00 ,88223690,$132.16 ,$132.43 ,$130.78 
12/22/2020,$50.00 ,169351800,$131.61 ,$134.41 ,$129.65 
12/21/2020,$60.00 ,121251600,$125.02 ,$128.31 ,$123.45 
12/18/2020,$70.00 ,192541500,$128.96 ,$129.10 ,$126.12 
12/17/2020,$80.00 ,94359810,$128.90 ,$129.58 ,$128.05 
12/16/2020,$90.00 ,98208590,$127.41 ,$128.37 ,$126.56 
12/15/2020,$100.00 ,157572300,$124.34 ,$127.90 ,$124.13 
12/14/2020,$110.00 ,79075990,$122.60 ,$123.35 ,$121.54 
12/11/2020,$120.00 ,86939790,$122.43 ,$122.76 ,$120.55 
12/10/2020,$130.00 ,81312170,$120.50 ,$123.87 ,$120.15 
12/9/2020,$140.00 ,115089200,$124.53 ,$125.95 ,$121 
12/8/2020,$150.00 ,82225510,$124.37 ,$124.98 ,$123.09 
12/7/2020,$160.00 ,86711990,$122.31 ,$124.57 ,$122.25 
12/4/2020,$170.00 ,78260420,$122.60 ,$122.86 ,$121.52 
12/3/2020,$180.00 ,78967630,$123.52 ,$123.78 ,$122.21 
12/2/2020,$190.00 ,89004200,$122.02 ,$123.37 ,$120.89 
12/1/2020,$200.00 ,128166800,$121.01 ,$123.47 ,$120.01 
11/30/2020,$10.00 ,169410200,$116.97 ,$120.97 ,$116.81 
11/27/2020,$20.00 ,46691330,$116.57 ,$117.49 ,$116.22 
11/25/2020,$30.00 ,76499230,$115.55 ,$116.75 ,$115.17 
11/24/2020,$40.00 ,113874200,$113.91 ,$115.85 ,$112.59 
11/23/2020,$50.00 ,127959300,$117.18 ,$117.62 ,$113.75 
11/20/2020,$60.00 ,73604290,$118.64 ,$118.77 ,$117.29 
11/19/2020,$70.00 ,74112970,$117.59 ,$119.06 ,$116.81 
11/18/2020,$80.00 ,76322110,$118.61 ,$119.82 ,$118 
11/17/2020,$90.00 ,74270970,$119.55 ,$120.67 ,$118.96 
11/16/2020,$100.00 ,91183020,$118.92 ,$120.99 ,$118.15 
11/13/2020,$110.00 ,81688590,$119.44 ,$119.67 ,$117.87 
11/12/2020,$120.00 ,103350700,$119.62 ,$120.53 ,$118.57 
11/11/2020,$130.00 ,112295000,$117.19 ,$119.63 ,$116.44 
11/10/2020,$140.00 ,138023400,$115.55 ,$117.59 ,$114.13 
11/9/2020,$150.00 ,154515300,$120.50 ,$121.99 ,$116.05 
11/6/2020,$160.00 ,114457900,$118.32 ,$119.20 ,$116.13 
11/5/2020,$170.00 ,126387100,$117.95 ,$119.62 ,$116.87 
11/4/2020,$180.00 ,138235500,$114.14 ,$115.59 ,$112.35 
11/3/2020,$190.00 ,107624400,$109.66 ,$111.49 ,$108.73 
11/2/2020,$200.00 ,122866900,$109.11 ,$110.68 ,$107.32 
10/30/2020,$10.00 ,190573500,$111.06 ,$111.99 ,$107.72 
10/29/2020,$20.00 ,146129200,$112.37 ,$116.93 ,$112.20 
10/28/2020,$30.00 ,143937800,$115.05 ,$115.43 ,$111.10 
10/27/2020,$40.00 ,92276770,$115.49 ,$117.28 ,$114.54 
10/26/2020,$50.00 ,111850700,$114.01 ,$116.55 ,$112.88 
10/23/2020,$60.00 ,82572650,$116.39 ,$116.55 ,$114.28 
10/22/2020,$70.00 ,101988000,$117.45 ,$118.04 ,$114.59 
10/21/2020,$80.00 ,89945980,$116.67 ,$118.71 ,$116.45 
10/20/2020,$90.00 ,124423700,$116.20 ,$118.98 ,$115.63 
10/19/2020,$100.00 ,120639300,$119.96 ,$120.42 ,$115.66 
10/16/2020,$110.00 ,115393800,$121.28 ,$121.55 ,$118.81 
10/15/2020,$120.00 ,112559200,$118.72 ,$121.20 ,$118.15 
10/14/2020,$130.00 ,151062300,$121 ,$123.03 ,$119.62 
10/13/2020,$140.00 ,262330500,$125.27 ,$125.39 ,$119.65 
10/12/2020,$150.00 ,240226800,$120.06 ,$125.18 ,$119.28 
10/9/2020,$160.00 ,100506900,$115.28 ,$117 ,$114.92 
10/8/2020,$170.00 ,83477150,$116.25 ,$116.40 ,$114.59 
10/7/2020,$180.00 ,96848990,$114.62 ,$115.55 ,$114.13 
10/6/2020,$190.00 ,161498200,$115.70 ,$116.12 ,$112.25 
10/5/2020,$200.00 ,106243800,$113.91 ,$116.65 ,$113.55 
10/2/2020,$10.00 ,144712000,$112.89 ,$115.37 ,$112.22 
10/1/2020,$20.00 ,116120400,$117.64 ,$117.72 ,$115.83 
9/30/2020,$30.00 ,142675200,$113.79 ,$117.26 ,$113.62 
9/29/2020,$40.00 ,100060500,$114.55 ,$115.31 ,$113.57 
9/28/2020,$50.00 ,137672400,$115.01 ,$115.32 ,$112.78 
9/25/2020,$60.00 ,149981400,$108.43 ,$112.44 ,$107.67 
9/24/2020,$70.00 ,167743300,$105.17 ,$110.25 ,$105 
9/23/2020,$80.00 ,150718700,$111.62 ,$112.11 ,$106.77 
9/22/2020,$90.00 ,183055400,$112.68 ,$112.86 ,$109.16 
9/21/2020,$100.00 ,195713800,$104.54 ,$110.19 ,$103.10 
9/18/2020,$110.00 ,287104900,$110.40 ,$110.88 ,$106.09 
9/17/2020,$120.00 ,178011000,$109.72 ,$112.20 ,$108.71 
9/16/2020,$130.00 ,155026700,$115.23 ,$116 ,$112.04 
9/15/2020,$140.00 ,184642000,$118.33 ,$118.83 ,$113.61 
9/14/2020,$150.00 ,140150100,$114.72 ,$115.93 ,$112.80 
9/11/2020,$160.00 ,180860300,$114.57 ,$115.23 ,$110 
9/10/2020,$170.00 ,182274400,$120.36 ,$120.50 ,$112.50 
9/9/2020,$180.00 ,176940500,$117.26 ,$119.14 ,$115.26 
9/8/2020,$190.00 ,231366600,$113.95 ,$118.99 ,$112.68 
9/4/2020,$200.00 ,332607200,$120.07 ,$123.70 ,$110.89 
9/3/2020,$10.00 ,257599600,$126.91 ,$128.84 ,$120.50 
9/2/2020,$20.00 ,200119000,$137.59 ,$137.98 ,$127 
9/1/2020,$30.00 ,152470100,$132.76 ,$134.80 ,$130.53 
8/31/2020,$40.00 ,225702700,$127.58 ,$131 ,$126 
8/28/2020,$50.00 ,187629920,$126.01 ,$126.44 ,$124.58 
8/27/2020,$60.00 ,155552400,$127.14 ,$127.49 ,$123.83 
8/26/2020,$70.00 ,163022280,$126.18 ,$126.99 ,$125.08 
8/25/2020,$80.00 ,211495800,$124.70 ,$125.18 ,$123.05 
8/24/2020,$90.00 ,345937760,$128.70 ,$128.79 ,$123.94 
8/21/2020,$100.00 ,338054640,$119.26 ,$124.87 ,$119.25 
8/20/2020,$110.00 ,126907200,$115.75 ,$118.39 ,$115.73 
8/19/2020,$120.00 ,145538000,$115.98 ,$117.16 ,$115.61 
8/18/2020,$130.00 ,105633560,$114.35 ,$116 ,$114.01 
8/17/2020,$140.00 ,119561440,$116.06 ,$116.09 ,$113.96 
8/14/2020,$150.00 ,165565200,$114.83 ,$115 ,$113.05 
8/13/2020,$160.00 ,210082080,$114.43 ,$116.04 ,$113.93 
8/12/2020,$170.00 ,165944840,$110.50 ,$113.28 ,$110.30 
8/11/2020,$180.00 ,187902360,$111.97 ,$112.48 ,$109.11 
8/10/2020,$190.00 ,212403440,$112.60 ,$113.78 ,$110 
8/7/2020,$200.00 ,198045600,$113.21 ,$113.68 ,$110.29 
8/6/2020,$10.00 ,202428920,$110.41 ,$114.41 ,$109.80 
8/5/2020,$20.00 ,121991960,$109.38 ,$110.39 ,$108.90 
8/4/2020,$30.00 ,172792360,$109.13 ,$110.79 ,$108.39 
8/3/2020,$40.00 ,308151400,$108.20 ,$111.64 ,$107.89 
7/31/2020,$50.00 ,374295480,$102.88 ,$106.42 ,$100.83 
7/30/2020,$60.00 ,158130040,$94.19 ,$96.30 ,$93.77 
7/29/2020,$70.00 ,90329240,$93.75 ,$95.23 ,$93.71 
7/28/2020,$80.00 ,103625520,$94.37 ,$94.55 ,$93.25 
7/27/2020,$90.00 ,121214200,$93.71 ,$94.91 ,$93.48 
7/24/2020,$100.00 ,185438880,$90.99 ,$92.97 ,$89.15 
7/23/2020,$110.00 ,197004440,$97.00 ,$97.08 ,$92.01 
7/22/2020,$120.00 ,89001640,$96.69 ,$97.98 ,$96.60 
7/21/2020,$130.00 ,103645840,$99.17 ,$99.25 ,$96.74 
7/20/2020,$140.00 ,90317920,$96.42 ,$98.50 ,$96.06 
7/17/2020,$150.00 ,92186920,$96.99 ,$97.15 ,$95.84 
7/16/2020,$160.00 ,110577680,$96.56 ,$97.41 ,$95.91 
7/15/2020,$170.00 ,153197920,$98.99 ,$99.25 ,$96.49 
7/14/2020,$180.00 ,170989360,$94.84 ,$97.26 ,$93.88 
7/13/2020,$190.00 ,191649160,$97.27 ,$99.96 ,$95.26 
7/10/2020,$200.00 ,90257320,$95.34 ,$95.98 ,$94.71 
7/9/2020,$10.00 ,125642600,$96.26 ,$96.32 ,$94.67 
7/8/2020,$20.00 ,117091880,$94.18 ,$95.38 ,$94.09 
7/7/2020,$30.00 ,112424440,$93.85 ,$94.66 ,$93.06 
7/6/2020,$40.00 ,118655640,$92.50 ,$93.95 ,$92.47 
7/2/2020,$50.00 ,114041480,$91.96 ,$92.62 ,$90.91 
7/1/2020,$60.00 ,110737240,$91.28 ,$91.84 ,$90.98 
6/30/2020,$70.00 ,140223280,$90.02 ,$91.50 ,$90 
6/29/2020,$80.00 ,130646080,$88.31 ,$90.54 ,$87.82 
6/26/2020,$90.00 ,205256840,$91.10 ,$91.33 ,$88.26 
6/25/2020,$100.00 ,137522520,$90.18 ,$91.25 ,$89.39 
6/24/2020,$110.00 ,192623400,$91.25 ,$92.20 ,$89.63 
6/23/2020,$120.00 ,212155480,$91 ,$93.10 ,$90.57 
6/22/2020,$130.00 ,135445280,$87.84 ,$89.87 ,$87.79 
6/19/2020,$140.00 ,264475800,$88.66 ,$89.14 ,$86.29 
6/18/2020,$150.00 ,96820400,$87.85 ,$88.36 ,$87.31 
6/17/2020,$160.00 ,114406520,$88.79 ,$88.85 ,$87.77 
6/16/2020,$170.00 ,165428720,$87.87 ,$88.30 ,$86.18 
6/15/2020,$180.00 ,138808920,$83.31 ,$86.42 ,$83.15 
6/12/2020,$190.00 ,200146040,$86.18 ,$86.95 ,$83.56 
6/11/2020,$200.00 ,201662440,$87.33 ,$87.77 ,$83.87 
6/10/2020,$10.00 ,166651760,$86.98 ,$88.69 ,$86.52 
6/9/2020,$20.00 ,147712360,$83.04 ,$86.40 ,$83.00 
6/8/2020,$30.00 ,95654520,$82.56 ,$83.40 ,$81.83 
6/5/2020,$40.00 ,137250200,$80.84 ,$82.94 ,$80.81 
6/4/2020,$50.00 ,87560360,$81.10 ,$81.41 ,$80.20 
6/3/2020,$60.00 ,104491200,$81.17 ,$81.55 ,$80.58 
6/2/2020,$70.00 ,87642800,$80.19 ,$80.86 ,$79.73 
6/1/2020,$80.00 ,81018600,$79.44 ,$80.59 ,$79.30 
5/29/2020,$90.00 ,153598120,$79.81 ,$80.29 ,$79.12 
5/28/2020,$100.00 ,133796400,$79.19 ,$80.86 ,$78.91 
5/27/2020,$110.00 ,112945080,$79.04 ,$79.68 ,$78.27 
5/26/2020,$120.00 ,125521800,$80.88 ,$81.06 ,$79.13 
5/22/2020,$130.00 ,81803000,$78.94 ,$79.81 ,$78.84 
5/21/2020,$140.00 ,102688840,$79.67 ,$80.22 ,$78.97 
5/20/2020,$150.00 ,111504880,$79.17 ,$79.88 ,$79.05 
5/19/2020,$160.00 ,101729560,$78.76 ,$79.63 ,$78.25 
5/18/2020,$170.00 ,135372520,$78.29 ,$79.13 ,$77.58 
5/15/2020,$180.00 ,166348360,$75.09 ,$76.98 ,$75.05 
5/14/2020,$190.00 ,158929080,$76.13 ,$77.45 ,$75.38 
5/13/2020,$200.00 ,200622560,$78.04 ,$78.99 ,$75.80 
5/12/2020,$10.00 ,162301040,$79.46 ,$79.92 ,$77.73 
5/11/2020,$20.00 ,145946240,$77.03 ,$79.26 ,$76.81 
5/8/2020,$30.00 ,134047960,$76.41 ,$77.59 ,$76.07 
5/7/2020,$40.00 ,115215040,$75.81 ,$76.29 ,$75.49 
5/6/2020,$50.00 ,142333760,$75.12 ,$75.81 ,$74.72 
5/5/2020,$60.00 ,147751200,$73.77 ,$75.25 ,$73.62 
5/4/2020,$70.00 ,133567960,$72.29 ,$73.42 ,$71.58 
5/1/2020,$80.00 ,240616720,$71.56 ,$74.75 ,$71.46 
4/30/2020,$90.00 ,183063880,$72.49 ,$73.63 ,$72.09 
4/29/2020,$100.00 ,137280800,$71.18 ,$72.42 ,$70.97 
4/28/2020,$110.00 ,112004760,$71.27 ,$71.46 ,$69.55 
4/27/2020,$120.00 ,117087560,$70.45 ,$71.14 ,$69.99 
4/24/2020,$130.00 ,126508720,$69.30 ,$70.75 ,$69.25 
4/23/2020,$140.00 ,124814320,$68.97 ,$70.44 ,$68.72 
4/22/2020,$150.00 ,117057360,$68.40 ,$69.48 ,$68.05 
4/21/2020,$160.00 ,180991560,$69.07 ,$69.31 ,$66.36 
4/20/2020,$170.00 ,130015000,$69.49 ,$70.42 ,$69.21 
4/17/2020,$180.00 ,215249920,$71.17 ,$71.74 ,$69.22 
4/16/2020,$190.00 ,157125160,$71.85 ,$72.05 ,$70.59 
4/15/2020,$200.00 ,131154560,$70.60 ,$71.58 ,$70.16 
4/14/2020,$10.00 ,194994680,$70 ,$72.06 ,$69.51 
4/13/2020,$20.00 ,131022920,$67.08 ,$68.43 ,$66.46 
4/9/2020,$30.00 ,162116480,$67.18 ,$67.52 ,$66.18 
4/8/2020,$40.00 ,168895280,$65.69 ,$66.84 ,$65.31 
4/7/2020,$50.00 ,202887320,$67.70 ,$67.93 ,$64.75 
4/6/2020,$60.00 ,201820280,$62.73 ,$65.78 ,$62.35 
4/3/2020,$70.00 ,129880080,$60.70 ,$61.43 ,$59.74 
4/2/2020,$80.00 ,165933960,$60.09 ,$61.29 ,$59.23 
4/1/2020,$90.00 ,176218560,$61.63 ,$62.18 ,$59.78 
3/31/2020,$100.00 ,197002000,$63.90 ,$65.62 ,$63 
3/30/2020,$110.00 ,167976440,$62.69 ,$63.88 ,$62.35 
3/27/2020,$120.00 ,204216600,$63.19 ,$63.97 ,$61.76 
3/26/2020,$130.00 ,252560680,$61.63 ,$64.67 ,$61.59 
3/25/2020,$140.00 ,303602040,$62.69 ,$64.56 ,$61.08 
3/24/2020,$150.00 ,287531080,$59.09 ,$61.92 ,$58.58 
3/23/2020,$160.00 ,336752840,$57.02 ,$57.12 ,$53.15 
3/20/2020,$170.00 ,401693200,$61.80 ,$62.96 ,$57 
3/19/2020,$180.00 ,271857040,$61.85 ,$63.21 ,$60.65 
3/18/2020,$190.00 ,300233640,$59.94 ,$62.50 ,$59.28 
3/17/2020,$200.00 ,324055880,$61.88 ,$64.40 ,$59.60 
3/16/2020,$10.00 ,322423480,$60.49 ,$64.77 ,$60 
3/13/2020,$20.00 ,370732120,$66.22 ,$69.98 ,$63.24 
3/12/2020,$30.00 ,418474000,$63.99 ,$67.50 ,$62 
3/11/2020,$40.00 ,256379880,$69.35 ,$70.31 ,$67.97 
3/10/2020,$50.00 ,285290080,$69.29 ,$71.61 ,$67.34 
3/9/2020,$60.00 ,286744840,$65.94 ,$69.52 ,$65.75 
3/6/2020,$70.00 ,226177000,$70.50 ,$72.71 ,$70.31 
3/5/2020,$80.00 ,187572880,$73.88 ,$74.89 ,$72.85 
3/4/2020,$90.00 ,219178280,$74.11 ,$75.85 ,$73.28 
3/3/2020,$100.00 ,319475400,$75.92 ,$76 ,$71.45 
3/2/2020,$110.00 ,341397360,$70.57 ,$75.36 ,$69.43 
2/28/2020,$120.00 ,426884800,$64.32 ,$69.60 ,$64.09 
2/27/2020,$130.00 ,320605520,$70.28 ,$71.50 ,$68.24 
2/26/2020,$140.00 ,198713720,$71.63 ,$74.47 ,$71.63 
2/25/2020,$150.00 ,230673440,$75.24 ,$75.63 ,$71.53 
2/24/2020,$160.00 ,222195320,$74.32 ,$76.05 ,$72.31 
2/21/2020,$170.00 ,129705680,$79.66 ,$80.11 ,$77.63 
2/20/2020,$180.00 ,100565960,$80.66 ,$81.16 ,$79.55 
2/19/2020,$190.00 ,93983960,$80 ,$81.14 ,$80 
2/18/2020,$200.00 ,152762200,$78.84 ,$79.94 ,$78.65 
2/14/2020,$10.00 ,80113800,$81.19 ,$81.50 ,$80.71 
2/13/2020,$20.00 ,94747560,$81.05 ,$81.56 ,$80.84 
2/12/2020,$30.00 ,113730280,$80.37 ,$81.81 ,$80.37 
2/11/2020,$40.00 ,94323120,$80.90 ,$80.98 ,$79.68 
2/10/2020,$50.00 ,109348880,$78.55 ,$80.39 ,$78.46 
2/7/2020,$60.00 ,117684040,$80.59 ,$80.85 ,$79.50 
2/6/2020,$70.00 ,105425560,$80.64 ,$81.31 ,$80.07 
2/5/2020,$80.00 ,118826880,$80.88 ,$81.19 ,$79.74 
2/4/2020,$90.00 ,136616520,$78.83 ,$79.91 ,$78.41 
2/3/2020,$100.00 ,173985600,$76.08 ,$78.37 ,$75.56 
1/31/2020,$110.00 ,199588400,$80.23 ,$80.67 ,$77.07 
1/30/2020,$120.00 ,126743240,$80.14 ,$81.02 ,$79.69 
1/29/2020,$130.00 ,216599720,$81.11 ,$81.96 ,$80.35 
1/28/2020,$140.00 ,162233960,$78.15 ,$79.60 ,$78.05 
1/27/2020,$150.00 ,161940040,$77.52 ,$77.94 ,$76.22 
1/24/2020,$160.00 ,146537520,$80.06 ,$80.83 ,$79.38 
1/23/2020,$170.00 ,104471960,$79.48 ,$79.89 ,$78.91 
1/22/2020,$180.00 ,101832480,$79.65 ,$80.00 ,$79.33 
1/21/2020,$190.00 ,110843240,$79.30 ,$79.76 ,$79 
1/17/2020,$200.00 ,137816480,$79.07 ,$79.69 ,$78.75 
1/16/2020,$10.00 ,108829000,$78.40 ,$78.93 ,$78.02 
1/15/2020,$20.00 ,121923520,$77.96 ,$78.88 ,$77.39 
1/14/2020,$30.00 ,162613840,$79.18 ,$79.39 ,$78.04 
1/13/2020,$40.00 ,122086880,$77.91 ,$79.27 ,$77.79 
1/10/2020,$50.00 ,140869080,$77.65 ,$78.17 ,$77.06 
1/9/2020,$60.00 ,170486160,$76.81 ,$77.61 ,$76.55 
1/8/2020,$70.00 ,132363800,$74.29 ,$76.11 ,$74.29 
1/7/2020,$80.00 ,111510640,$74.96 ,$75.23 ,$74.37 
1/6/2020,$90.00 ,118578560,$73.45 ,$74.99 ,$73.19 
1/3/2020,$100.00 ,146535520,$74.29 ,$75.15 ,$74.13 
1/2/2020,$110.00 ,135647440,$74.06 ,$75.15 ,$73.80 
12/31/2019,$120.00 ,100990520,$72.48 ,$73.42 ,$72.38 
12/30/2019,$130.00 ,144238440,$72.37 ,$73.17 ,$71.31 
12/27/2019,$140.00 ,146371760,$72.78 ,$73.49 ,$72.03 
12/26/2019,$150.00 ,93336000,$71.21 ,$72.50 ,$71.18 
12/24/2019,$160.00 ,48478840,$71.17 ,$71.22 ,$70.73 
12/23/2019,$170.00 ,98711520,$70.13 ,$71.06 ,$70.09 
12/20/2019,$180.00 ,276130960,$70.56 ,$70.66 ,$69.64 
12/19/2019,$190.00 ,98507800,$69.88 ,$70.30 ,$69.74 
12/18/2019,$200.00 ,116098760,$69.95 ,$70.48 ,$69.78 
12/17/2019,$10.00 ,114303200,$69.89 ,$70.44 ,$69.70 
12/16/2019,$20.00 ,128324440,$69.25 ,$70.20 ,$69.25 
12/13/2019,$30.00 ,133731240,$67.87 ,$68.83 ,$67.73 
12/12/2019,$40.00 ,137748160,$66.95 ,$68.14 ,$66.83 
12/11/2019,$50.00 ,78893560,$67.20 ,$67.78 ,$67.13 
12/10/2019,$60.00 ,90529520,$67.15 ,$67.52 ,$66.47 
12/9/2019,$70.00 ,128730600,$67.50 ,$67.70 ,$66.23 
12/6/2019,$80.00 ,106189960,$66.87 ,$67.75 ,$66.83 
12/5/2019,$90.00 ,74645360,$65.95 ,$66.47 ,$65.68 
12/4/2019,$100.00 ,67241560,$65.27 ,$65.83 ,$65.17 
12/3/2019,$110.00 ,117509080,$64.58 ,$64.88 ,$64.07 
12/2/2019,$120.00 ,94774200,$66.82 ,$67.06 ,$65.86 
11/29/2019,$130.00 ,46617440,$66.65 ,$67 ,$66.48 
11/27/2019,$140.00 ,65544480,$66.40 ,$67.00 ,$66.33 
11/26/2019,$150.00 ,105339520,$66.74 ,$66.79 ,$65.63 
11/25/2019,$160.00 ,84118080,$65.68 ,$66.61 ,$65.63 
11/22/2019,$170.00 ,65325040,$65.65 ,$65.80 ,$65.21 
11/21/2019,$180.00 ,121395120,$65.92 ,$66.00 ,$65.30 
11/20/2019,$190.00 ,106439680,$66.39 ,$66.52 ,$65.10 
11/19/2019,$200.00 ,76278400,$66.98 ,$67 ,$66.35 
11/18/2019,$10.00 ,86803600,$66.45 ,$66.86 ,$66.06 
11/15/2019,$20.00 ,100374680,$65.92 ,$66.45 ,$65.75 
11/14/2019,$30.00 ,89582240,$65.94 ,$66.22 ,$65.53 
11/13/2019,$40.00 ,103270360,$65.28 ,$66.20 ,$65.27 
11/12/2019,$50.00 ,87388920,$65.39 ,$65.70 ,$65.23 
11/11/2019,$60.00 ,82029840,$64.58 ,$65.62 ,$64.57 
11/8/2019,$70.00 ,70082000,$64.67 ,$65.11 ,$64.21 
11/7/2019,$80.00 ,94940320,$64.69 ,$65.09 ,$64.53 
11/6/2019,$90.00 ,75864480,$64.19 ,$64.37 ,$63.84 
11/5/2019,$100.00 ,79897720,$64.26 ,$64.55 ,$64.08 
11/4/2019,$110.00 ,103271800,$64.33 ,$64.46 ,$63.85 
11/1/2019,$120.00 ,151125320,$62.39 ,$63.98 ,$62.29 
10/31/2019,$130.00 ,139162080,$61.81 ,$62.29 ,$59.32 
10/30/2019,$140.00 ,124522080,$61.19 ,$61.33 ,$60.30 
10/29/2019,$150.00 ,142839480,$62.24 ,$62.44 ,$60.64 
10/28/2019,$160.00 ,96572960,$61.86 ,$62.31 ,$61.68 
10/25/2019,$170.00 ,73477200,$60.79 ,$61.68 ,$60.72 
10/24/2019,$180.00 ,71665040,$61.13 ,$61.20 ,$60.45 
10/23/2019,$190.00 ,79730200,$60.53 ,$60.81 ,$60.31 
10/22/2019,$200.00 ,90736000,$60.29 ,$60.55 ,$59.91 
10/21/2019,$10.00 ,89469920,$59.38 ,$60.25 ,$59.33 
10/18/2019,$20.00 ,97508680,$58.65 ,$59.40 ,$58.57 
10/17/2019,$30.00 ,69091600,$58.77 ,$59.04 ,$58.38 
10/16/2019,$40.00 ,77146760,$58.34 ,$58.81 ,$58.30 
10/15/2019,$50.00 ,92161920,$59.10 ,$59.41 ,$58.72 
10/14/2019,$60.00 ,97653920,$58.73 ,$59.53 ,$58.67 
10/11/2019,$70.00 ,167960840,$58.24 ,$59.41 ,$58.08 
10/10/2019,$80.00 ,115851920,$56.98 ,$57.61 ,$56.83 
10/9/2019,$90.00 ,76117680,$56.76 ,$56.95 ,$56.41 
10/8/2019,$100.00 ,117130800,$56.46 ,$57.02 ,$56.08 
10/7/2019,$110.00 ,123557080,$56.57 ,$57.48 ,$56.46 
10/4/2019,$120.00 ,139022200,$56.41 ,$56.87 ,$55.97 
10/3/2019,$130.00 ,121410760,$54.61 ,$55.24 ,$53.78 
10/2/2019,$140.00 ,143069040,$55.77 ,$55.90 ,$54.48 
10/1/2019,$150.00 ,144748640,$56.27 ,$57.06 ,$56.05 
9/30/2019,$160.00 ,105274320,$55.23 ,$56.15 ,$55.20 
9/27/2019,$170.00 ,101445160,$55.14 ,$55.24 ,$54.32 
9/26/2019,$180.00 ,76353240,$55 ,$55.24 ,$54.71 
9/25/2019,$190.00 ,89924040,$54.64 ,$55.38 ,$54.29 
9/24/2019,$200.00 ,125737480,$55.26 ,$55.62 ,$54.30 
9/23/2019,$10.00 ,77678600,$54.74 ,$54.96 ,$54.41 
9/20/2019,$20.00 ,231908360,$55.35 ,$55.64 ,$54.37 
9/19/2019,$30.00 ,88751520,$55.50 ,$55.94 ,$55.09 
9/18/2019,$40.00 ,102572360,$55.27 ,$55.71 ,$54.86 
9/17/2019,$50.00 ,73545880,$54.99 ,$55.21 ,$54.78 
9/16/2019,$60.00 ,84632560,$54.43 ,$55.03 ,$54.39 
9/13/2019,$70.00 ,159053200,$55 ,$55.20 ,$54.26 
9/12/2019,$80.00 ,128906680,$56.20 ,$56.61 ,$55.72 
9/11/2019,$90.00 ,177158600,$54.52 ,$55.93 ,$54.43 
9/10/2019,$100.00 ,127111720,$53.47 ,$54.20 ,$52.93 
9/9/2019,$110.00 ,109237600,$53.71 ,$54.11 ,$52.77 
9/6/2019,$120.00 ,77449160,$53.51 ,$53.61 ,$53.13 
9/5/2019,$130.00 ,95787520,$53 ,$53.49 ,$52.88 
9/4/2019,$140.00 ,76867280,$52.10 ,$52.37 ,$51.83 
9/3/2019,$150.00 ,80238280,$51.61 ,$51.75 ,$51.06 
8/30/2019,$160.00 ,84650240,$52.54 ,$52.61 ,$51.80 
8/29/2019,$170.00 ,84030600,$52.13 ,$52.33 ,$51.66 
8/28/2019,$180.00 ,63830520,$51.03 ,$51.43 ,$50.83 
8/27/2019,$190.00 ,103589360,$51.97 ,$52.14 ,$50.88 
8/26/2019,$200.00 ,104264520,$51.47 ,$51.80 ,$51.26 
8/23/2019,$10.00 ,187531360,$52.36 ,$53.01 ,$50.25 
8/22/2019,$20.00 ,89071280,$53.30 ,$53.61 ,$52.69 
8/21/2019,$30.00 ,86259000,$53.25 ,$53.41 ,$52.90 
8/20/2019,$40.00 ,107678120,$52.72 ,$53.34 ,$52.58 
8/19/2019,$50.00 ,97727680,$52.66 ,$53.18 ,$52.51 
8/16/2019,$60.00 ,115254480,$51.07 ,$51.79 ,$50.96 
8/15/2019,$70.00 ,111533440,$50.87 ,$51.29 ,$49.92 
8/14/2019,$80.00 ,146189760,$50.79 ,$51.61 ,$50.65 
8/13/2019,$90.00 ,190159160,$50.26 ,$53.04 ,$50.21 
8/12/2019,$100.00 ,89927560,$49.91 ,$50.51 ,$49.79 
8/9/2019,$110.00 ,98479000,$50.33 ,$50.69 ,$49.82 
8/8/2019,$120.00 ,108038080,$50.05 ,$50.88 ,$49.85 
8/7/2019,$130.00 ,133457600,$48.85 ,$49.89 ,$48.46 
8/6/2019,$140.00 ,143299160,$49.08 ,$49.52 ,$48.51 
8/5/2019,$150.00 ,209571880,$49.50 ,$49.66 ,$48.15 
8/2/2019,$160.00 ,163448480,$51.38 ,$51.61 ,$50.41 
8/1/2019,$170.00 ,216071680,$53.48 ,$54.51 ,$51.69 
7/31/2019,$180.00 ,277125440,$54.11 ,$55.34 ,$52.83 
7/30/2019,$190.00 ,135742880,$52.19 ,$52.54 ,$51.83 
7/29/2019,$200.00 ,86693560,$52.12 ,$52.66 ,$52.11 
7/26/2019,$10.00 ,70475480,$51.87 ,$52.43 ,$51.79 
7/25/2019,$20.00 ,55638240,$52.22 ,$52.31 ,$51.68 
7/24/2019,$30.00 ,59966280,$51.92 ,$52.29 ,$51.79 
7/23/2019,$40.00 ,73420840,$52.12 ,$52.23 ,$51.82 
7/22/2019,$50.00 ,89111720,$50.91 ,$51.81 ,$50.90 
7/19/2019,$60.00 ,83717240,$51.45 ,$51.63 ,$50.59 
7/18/2019,$70.00 ,74328640,$51 ,$51.47 ,$50.93 
7/17/2019,$80.00 ,56429800,$51.01 ,$51.27 ,$50.82 
7/16/2019,$90.00 ,67467280,$51.15 ,$51.53 ,$50.88 
7/15/2019,$100.00 ,67789680,$51.02 ,$51.47 ,$51 
7/12/2019,$110.00 ,70380840,$50.61 ,$51 ,$50.55 
7/11/2019,$120.00 ,80767360,$50.83 ,$51.10 ,$50.43 
7/10/2019,$130.00 ,71588560,$50.46 ,$50.93 ,$50.39 
7/9/2019,$140.00 ,82312080,$49.80 ,$50.38 ,$49.70 
7/8/2019,$150.00 ,101354520,$50.20 ,$50.35 ,$49.60 
7/5/2019,$160.00 ,69062080,$50.84 ,$51.27 ,$50.73 
7/3/2019,$170.00 ,45448200,$50.82 ,$51.11 ,$50.67 
7/2/2019,$180.00 ,67740880,$50.35 ,$50.78 ,$50.34 
7/1/2019,$190.00 ,109266960,$50.79 ,$51.12 ,$50.16 
6/28/2019,$200.00 ,124442560,$49.67 ,$49.87 ,$49.26 
6/27/2019,$10.00 ,83598880,$50.07 ,$50.39 ,$49.89 
6/26/2019,$20.00 ,104270040,$49.44 ,$50.25 ,$49.34 
6/25/2019,$30.00 ,84281320,$49.61 ,$49.82 ,$48.82 
6/24/2019,$40.00 ,72881680,$49.64 ,$50.04 ,$49.54 
6/21/2019,$50.00 ,191202360,$49.70 ,$50.21 ,$49.54 
6/20/2019,$60.00 ,86055960,$50.09 ,$50.15 ,$49.51 
6/19/2019,$70.00 ,84496960,$49.92 ,$49.97 ,$49.33 
6/18/2019,$80.00 ,106204000,$49.01 ,$50.07 ,$48.80 
6/17/2019,$90.00 ,58676560,$48.23 ,$48.74 ,$48.04 
6/14/2019,$100.00 ,75045880,$47.89 ,$48.40 ,$47.58 
6/13/2019,$110.00 ,86698520,$48.68 ,$49.20 ,$48.40 
6/12/2019,$120.00 ,73012760,$48.49 ,$48.99 ,$48.35 
6/11/2019,$130.00 ,107731520,$48.72 ,$49 ,$48.40 
6/10/2019,$140.00 ,104883400,$47.95 ,$48.84 ,$47.91 
6/7/2019,$150.00 ,122737560,$46.63 ,$47.98 ,$46.44 
6/6/2019,$160.00 ,90105240,$45.77 ,$46.37 ,$45.54 
6/5/2019,$170.00 ,119093720,$46.07 ,$46.25 ,$45.29 
6/4/2019,$180.00 ,123871840,$43.86 ,$44.96 ,$43.63 
6/3/2019,$190.00 ,161584280,$43.90 ,$44.48 ,$42.57 
5/31/2019,$200.00 ,108174320,$44.06 ,$44.50 ,$43.75 
5/30/2019,$10.00 ,84873640,$44.49 ,$44.81 ,$44.17 
5/29/2019,$20.00 ,113924680,$44.11 ,$44.84 ,$44 
5/28/2019,$30.00 ,111792640,$44.73 ,$45.15 ,$44.48 
5/24/2019,$40.00 ,94858760,$45.05 ,$45.54 ,$44.66 
5/23/2019,$50.00 ,146118960,$44.95 ,$45.14 ,$44.45 
5/22/2019,$60.00 ,118994240,$46.17 ,$46.43 ,$45.64 
5/21/2019,$70.00 ,113459400,$46.31 ,$47 ,$46.18 
5/20/2019,$80.00 ,154449160,$45.88 ,$46.09 ,$45.07 
5/17/2019,$90.00 ,131516360,$46.73 ,$47.73 ,$46.69 
5/16/2019,$100.00 ,132125440,$47.48 ,$48.12 ,$47.21 
5/15/2019,$110.00 ,106178880,$46.57 ,$47.94 ,$46.51 
5/14/2019,$120.00 ,146118720,$46.60 ,$47.43 ,$46.35 
5/13/2019,$130.00 ,229722480,$46.93 ,$47.37 ,$45.71 
5/10/2019,$140.00 ,164834840,$49.35 ,$49.71 ,$48.19 
5/9/2019,$150.00 ,139634440,$50.10 ,$50.42 ,$49.17 
5/8/2019,$160.00 ,105358000,$50.48 ,$51.34 ,$50.44 
5/7/2019,$170.00 ,155054800,$51.47 ,$51.85 ,$50.21 
5/6/2019,$180.00 ,129772440,$51.07 ,$52.21 ,$50.88 
5/3/2019,$190.00 ,83569520,$52.72 ,$52.96 ,$52.56 
5/2/2019,$200.00 ,127985280,$52.46 ,$53.16 ,$52.03 
5/1/2019,$10.00 ,259309320,$52.47 ,$53.83 ,$52.31 
4/30/2019,$20.00 ,183004640,$50.77 ,$50.85 ,$49.78 
4/29/2019,$30.00 ,88041440,$51.10 ,$51.49 ,$50.97 
4/26/2019,$40.00 ,74451080,$51.23 ,$51.25 ,$50.53 
4/25/2019,$50.00 ,73855400,$51.71 ,$51.94 ,$51.28 
4/24/2019,$60.00 ,69710280,$51.84 ,$52.12 ,$51.76 
4/23/2019,$70.00 ,93145520,$51.11 ,$51.94 ,$50.98 
4/22/2019,$80.00 ,71367680,$50.71 ,$51.24 ,$50.59 
4/18/2019,$90.00 ,96742120,$50.78 ,$51.04 ,$50.63 
4/17/2019,$100.00 ,115461240,$49.89 ,$50.85 ,$49.65 
4/16/2019,$110.00 ,102673320,$49.87 ,$50.34 ,$49.64 
4/15/2019,$120.00 ,70096600,$49.65 ,$49.96 ,$49.50 
4/12/2019,$130.00 ,110954320,$49.80 ,$50.04 ,$49.05 
4/11/2019,$140.00 ,82172760,$50.21 ,$50.25 ,$49.61 
4/10/2019,$150.00 ,86619000,$49.67 ,$50.19 ,$49.55 
4/9/2019,$160.00 ,142953120,$50.08 ,$50.71 ,$49.81 
4/8/2019,$170.00 ,103319520,$49.11 ,$50.06 ,$49.09 
4/5/2019,$180.00 ,73892280,$49.11 ,$49.28 ,$48.98 
4/4/2019,$190.00 ,76360200,$48.70 ,$49.09 ,$48.29 
4/3/2019,$200.00 ,92972640,$48.31 ,$49.13 ,$48.29 
4/2/2019,$10.00 ,90909480,$47.77 ,$48.62 ,$47.76 
4/1/2019,$20.00 ,109232800,$47.91 ,$47.92 ,$47.10 
3/29/2019,$30.00 ,94099320,$47.46 ,$47.52 ,$47.14 
3/28/2019,$40.00 ,82841560,$47.24 ,$47.39 ,$46.88 
3/27/2019,$50.00 ,119084840,$47.19 ,$47.44 ,$46.64 
3/26/2019,$60.00 ,198784400,$47.92 ,$48.22 ,$46.15 
3/25/2019,$70.00 ,175007240,$47.88 ,$48.00 ,$46.65 
3/22/2019,$80.00 ,169150560,$48.84 ,$49.42 ,$47.70 
3/21/2019,$90.00 ,203772480,$47.51 ,$49.08 ,$47.45 
3/20/2019,$100.00 ,124013520,$46.56 ,$47.37 ,$46.18 
3/19/2019,$110.00 ,125761200,$47.09 ,$47.25 ,$46.48 
3/18/2019,$120.00 ,104594360,$46.45 ,$47.10 ,$46.45 
3/15/2019,$130.00 ,156069960,$46.21 ,$46.83 ,$45.94 
3/14/2019,$140.00 ,94110640,$45.98 ,$46.03 ,$45.64 
3/13/2019,$150.00 ,123718960,$45.56 ,$45.83 ,$45.23 
3/12/2019,$160.00 ,129667200,$45 ,$45.67 ,$44.84 
3/11/2019,$170.00 ,124492000,$43.87 ,$44.78 ,$43.84 
3/8/2019,$180.00 ,95943840,$42.58 ,$43.27 ,$42.38 
3/7/2019,$190.00 ,99021880,$43.47 ,$43.61 ,$43.01 
3/6/2019,$200.00 ,83020560,$43.67 ,$43.87 ,$43.49 
3/5/2019,$10.00 ,76953920,$43.99 ,$44 ,$43.64 
3/4/2019,$20.00 ,109652240,$43.92 ,$44.44 ,$43.49 
3/1/2019,$30.00 ,102950240,$43.57 ,$43.79 ,$43.22 
2/28/2019,$40.00 ,111815240,$43.58 ,$43.73 ,$43.23 
2/27/2019,$50.00 ,111270560,$43.30 ,$43.75 ,$43.18 
2/26/2019,$60.00 ,67966440,$43.43 ,$43.83 ,$43.29 
2/25/2019,$70.00 ,87385600,$43.54 ,$43.97 ,$43.49 
2/22/2019,$80.00 ,75561000,$42.90 ,$43.25 ,$42.85 
2/21/2019,$90.00 ,68618160,$42.95 ,$43.09 ,$42.58 
2/20/2019,$100.00 ,101295560,$42.80 ,$43.33 ,$42.75 
2/19/2019,$110.00 ,75834280,$42.43 ,$42.86 ,$42.37 
2/15/2019,$120.00 ,98413280,$42.81 ,$42.93 ,$42.44 
2/14/2019,$130.00 ,87140720,$42.43 ,$42.82 ,$42.35 
2/13/2019,$140.00 ,89558640,$42.85 ,$43.12 ,$42.48 
2/12/2019,$150.00 ,88897600,$42.53 ,$42.75 ,$42.43 
2/11/2019,$160.00 ,83760080,$42.76 ,$42.80 ,$42.31 
2/8/2019,$170.00 ,95175320,$42.25 ,$42.67 ,$42.11 
2/7/2019,$180.00 ,126576960,$43.10 ,$43.49 ,$42.59 
2/6/2019,$190.00 ,112818560,$43.66 ,$43.89 ,$43.21 
2/5/2019,$200.00 ,144218280,$43.22 ,$43.77 ,$43.09 
2/4/2019,$10.00 ,125538880,$41.85 ,$42.91 ,$41.82 
2/1/2019,$20.00 ,130578360,$41.74 ,$42.25 ,$41.48 
1/31/2019,$30.00 ,162453040,$41.53 ,$42.25 ,$41.14 
1/30/2019,$40.00 ,243201920,$40.81 ,$41.54 ,$40.06 
1/29/2019,$50.00 ,159659400,$39.06 ,$39.53 ,$38.53 
1/28/2019,$60.00 ,104589120,$38.95 ,$39.08 ,$38.42 
1/25/2019,$70.00 ,134035840,$38.87 ,$39.53 ,$38.58 
1/24/2019,$80.00 ,101672440,$38.53 ,$38.62 ,$37.94 
1/23/2019,$90.00 ,92186240,$38.54 ,$38.79 ,$37.93 
1/22/2019,$100.00 ,121095960,$39.10 ,$39.18 ,$38.16 
1/18/2019,$110.00 ,133037840,$39.38 ,$39.47 ,$39.00 
1/17/2019,$120.00 ,118464760,$38.55 ,$39.42 ,$38.32 
1/16/2019,$130.00 ,121932480,$38.27 ,$38.97 ,$38.25 
1/15/2019,$140.00 ,113799760,$37.57 ,$38.35 ,$37.51 
1/14/2019,$150.00 ,128074160,$37.71 ,$37.82 ,$37.31 
1/11/2019,$160.00 ,107698520,$38.22 ,$38.43 ,$37.88 
1/10/2019,$170.00 ,142644800,$38.13 ,$38.49 ,$37.72 
1/9/2019,$180.00 ,180137480,$37.82 ,$38.63 ,$37.41 
1/8/2019,$190.00 ,162491640,$37.39 ,$37.96 ,$37.13 
1/7/2019,$200.00 ,218285760,$37.18 ,$37.21 ,$36.48 
1/4/2019,$10.00 ,229694600,$36.13 ,$37.14 ,$35.95 
1/3/2019,$20.00 ,364427360,$36.00 ,$36.43 ,$35.50 
1/2/2019,$30.00 ,142548280,$38.72 ,$39.71 ,$38.56 
12/31/2018,$40.00 ,137997560,$39.63 ,$39.84 ,$39.12 
12/28/2018,$50.00 ,166962400,$39.38 ,$39.63 ,$38.64 
12/27/2018,$60.00 ,206435400,$38.96 ,$39.19 ,$37.52 
12/26/2018,$70.00 ,232535400,$37.08 ,$39.31 ,$36.68 
12/24/2018,$80.00 ,148676920,$37.04 ,$37.89 ,$36.65 
12/21/2018,$90.00 ,381991600,$39.22 ,$39.54 ,$37.41 
12/20/2018,$100.00 ,257592920,$40.10 ,$40.53 ,$38.83 
12/19/2018,$110.00 ,190390680,$41.50 ,$41.86 ,$39.77 
12/18/2018,$120.00 ,135013960,$41.35 ,$41.88 ,$41.10 
12/17/2018,$130.00 ,173001680,$41.36 ,$42.09 ,$40.68 
12/14/2018,$140.00 ,162481440,$42.25 ,$42.27 ,$41.32 
12/13/2018,$150.00 ,127016840,$42.62 ,$43.14 ,$42.39 
12/12/2018,$160.00 ,141898720,$42.60 ,$42.98 ,$42.26 
12/11/2018,$170.00 ,183872160,$42.92 ,$42.95 ,$41.75 
12/10/2018,$180.00 ,247036000,$41.25 ,$42.52 ,$40.83 
12/7/2018,$190.00 ,166714720,$43.37 ,$43.62 ,$42.08 
12/6/2018,$200.00 ,170819640,$42.94 ,$43.70 ,$42.61 
12/4/2018,$10.00 ,164565000,$45.24 ,$45.60 ,$44.07 
12/3/2018,$20.00 ,162150800,$46.12 ,$46.24 ,$45.30 
11/30/2018,$30.00 ,157697040,$45.07 ,$45.08 ,$44.26 
11/29/2018,$40.00 ,166094320,$45.67 ,$45.70 ,$44.43 
11/28/2018,$50.00 ,183767000,$44.18 ,$45.32 ,$43.73 
11/27/2018,$60.00 ,164624560,$42.88 ,$43.69 ,$42.72 
11/26/2018,$70.00 ,178649280,$43.56 ,$43.74 ,$42.57 
11/23/2018,$80.00 ,94495880,$43.74 ,$44.15 ,$43.03 
11/21/2018,$90.00 ,124384960,$44.93 ,$45.07 ,$44.14 
11/20/2018,$100.00 ,270714720,$44.59 ,$45.37 ,$43.88 
11/19/2018,$110.00 ,166507280,$47.50 ,$47.68 ,$46.25 
11/16/2018,$120.00 ,144765320,$47.63 ,$48.74 ,$47.37 
11/15/2018,$130.00 ,185086640,$47.10 ,$47.99 ,$46.73 
11/14/2018,$140.00 ,242189360,$48.48 ,$48.62 ,$46.48 
11/13/2018,$150.00 ,186902840,$47.91 ,$49.30 ,$47.86 
11/12/2018,$160.00 ,203964120,$49.75 ,$49.96 ,$48.45 
11/9/2018,$170.00 ,137271040,$51.39 ,$51.50 ,$50.56 
11/8/2018,$180.00 ,101157080,$52.50 ,$52.53 ,$51.69 
11/7/2018,$190.00 ,133166560,$51.49 ,$52.52 ,$51.03 
11/6/2018,$200.00 ,127098880,$50.48 ,$51.18 ,$50.42 
11/5/2018,$10.00 ,264288680,$51.08 ,$51.10 ,$49.54 
11/2/2018,$20.00 ,364186240,$52.39 ,$53.41 ,$51.36 
11/1/2018,$30.00 ,211816280,$54.76 ,$55.59 ,$54.20 
10/31/2018,$40.00 ,152067240,$54.22 ,$55.11 ,$54.16 
10/30/2018,$50.00 ,145951720,$52.79 ,$53.80 ,$52.32 
10/29/2018,$60.00 ,182854760,$54.80 ,$54.92 ,$51.52 
10/26/2018,$70.00 ,188766800,$53.98 ,$55.05 ,$53.17 
10/25/2018,$80.00 ,116109360,$54.43 ,$55.35 ,$54.19 
10/24/2018,$90.00 ,159968480,$55.65 ,$56.06 ,$53.64 
10/23/2018,$100.00 ,154724680,$53.96 ,$55.81 ,$53.68 
10/22/2018,$110.00 ,115006160,$54.95 ,$55.84 ,$54.74 
10/19/2018,$120.00 ,131497320,$54.52 ,$55.32 ,$54.36 
10/18/2018,$130.00 ,129557120,$54.47 ,$54.94 ,$53.25 
10/17/2018,$140.00 ,90771520,$55.58 ,$55.66 ,$54.84 
10/16/2018,$150.00 ,115210200,$54.73 ,$55.75 ,$54.19 
10/15/2018,$160.00 ,121121800,$55.29 ,$55.46 ,$54.32 
10/12/2018,$170.00 ,157979080,$55.11 ,$55.72 ,$54.21 
10/11/2018,$180.00 ,211609280,$53.63 ,$54.88 ,$53.08 
10/10/2018,$190.00 ,164336280,$56.37 ,$56.59 ,$54.01 
10/9/2018,$200.00 ,106626520,$55.91 ,$56.82 ,$55.56 
10/8/2018,$10.00 ,115138200,$55.55 ,$56.20 ,$55.05 
10/5/2018,$20.00 ,134031080,$56.99 ,$57.10 ,$55.15 
10/4/2018,$30.00 ,127844480,$57.70 ,$58.09 ,$56.68 
10/3/2018,$40.00 ,114161960,$57.51 ,$58.37 ,$57.45 
10/2/2018,$50.00 ,97740040,$56.81 ,$57.50 ,$56.66 
10/1/2018,$60.00 ,92684080,$56.99 ,$57.36 ,$56.59 
9/28/2018,$70.00 ,90241760,$56.20 ,$56.46 ,$56.01 
9/27/2018,$80.00 ,118917080,$55.96 ,$56.61 ,$55.89 
9/26/2018,$90.00 ,93721480,$55.25 ,$55.94 ,$54.94 
9/25/2018,$100.00 ,91244560,$54.94 ,$55.71 ,$54.93 
9/24/2018,$110.00 ,110325080,$54.21 ,$55.32 ,$54.16 
9/21/2018,$120.00 ,382336320,$55.20 ,$55.34 ,$54.32 
9/20/2018,$130.00 ,105552200,$55.06 ,$55.57 ,$54.79 
9/19/2018,$140.00 ,107479520,$54.63 ,$54.91 ,$53.83 
9/18/2018,$150.00 ,125982520,$54.45 ,$55.46 ,$54.28 
9/17/2018,$160.00 ,147240480,$55.54 ,$55.74 ,$54.32 
9/14/2018,$170.00 ,127207880,$56.44 ,$56.71 ,$55.63 
9/13/2018,$180.00 ,165645400,$55.88 ,$57.09 ,$55.64 
9/12/2018,$190.00 ,196474040,$56.24 ,$56.25 ,$54.96 
9/11/2018,$200.00 ,142578040,$54.50 ,$56.07 ,$54.14 
9/10/2018,$10.00 ,156778880,$55.24 ,$55.46 ,$54.12 
9/7/2018,$20.00 ,149675640,$55.46 ,$56.34 ,$55.18 
9/6/2018,$30.00 ,136484960,$56.56 ,$56.84 ,$55.33 
9/5/2018,$40.00 ,133163320,$57.25 ,$57.42 ,$56.28 
9/4/2018,$50.00 ,109455840,$57.10 ,$57.30 ,$56.66 
8/31/2018,$60.00 ,172710160,$56.63 ,$57.22 ,$56.50 
8/30/2018,$70.00 ,194787840,$55.81 ,$57.07 ,$55.60 
8/29/2018,$80.00 ,108297040,$55.04 ,$55.87 ,$54.85 
8/28/2018,$90.00 ,91005560,$54.75 ,$55.14 ,$54.73 
8/27/2018,$100.00 ,81603080,$54.29 ,$54.69 ,$54.08 
8/24/2018,$110.00 ,73830880,$54.15 ,$54.23 ,$53.78 
8/23/2018,$120.00 ,74023120,$53.66 ,$54.26 ,$53.65 
8/22/2018,$130.00 ,75863720,$53.53 ,$54.09 ,$53.46 
8/21/2018,$140.00 ,102730800,$54.20 ,$54.30 ,$53.51 
8/20/2018,$150.00 ,120597640,$54.53 ,$54.80 ,$53.78 
8/17/2018,$160.00 ,140137640,$53.36 ,$54.49 ,$53.29 
8/16/2018,$170.00 ,110381240,$52.94 ,$53.45 ,$52.87 
8/15/2018,$180.00 ,114380920,$52.31 ,$52.69 ,$52.08 
8/14/2018,$190.00 ,82717080,$52.54 ,$52.64 ,$52.07 
8/13/2018,$200.00 ,103458040,$51.93 ,$52.74 ,$51.93 
8/10/2018,$10.00 ,98369840,$51.84 ,$52.28 ,$51.67 
8/9/2018,$20.00 ,93558120,$51.82 ,$52.45 ,$51.80 
8/8/2018,$30.00 ,89975000,$51.51 ,$51.95 ,$51.13 
8/7/2018,$40.00 ,102102600,$52.33 ,$52.38 ,$51.69 
8/6/2018,$50.00 ,101584400,$52 ,$52.31 ,$51.77 
8/3/2018,$60.00 ,133632200,$51.76 ,$52.19 ,$51.37 
8/2/2018,$70.00 ,249269720,$50.15 ,$52.10 ,$50.09 
8/1/2018,$80.00 ,271249120,$49.78 ,$50.44 ,$49.33 
7/31/2018,$90.00 ,151389040,$47.58 ,$48.04 ,$47.34 
7/30/2018,$100.00 ,83651560,$47.98 ,$48.05 ,$47.27 
7/27/2018,$110.00 ,95901400,$48.75 ,$48.80 ,$47.53 
7/26/2018,$120.00 ,76020600,$48.65 ,$48.99 ,$48.40 
7/25/2018,$130.00 ,66214000,$48.27 ,$48.71 ,$48.11 
7/24/2018,$140.00 ,74723720,$48.11 ,$48.42 ,$48.01 
7/23/2018,$150.00 ,63823280,$47.67 ,$47.99 ,$47.39 
7/20/2018,$160.00 ,82683320,$47.95 ,$48.11 ,$47.54 
7/19/2018,$170.00 ,80728200,$47.42 ,$48.14 ,$47.42 
7/18/2018,$180.00 ,65462880,$47.95 ,$47.95 ,$47.48 
7/17/2018,$190.00 ,62060000,$47.44 ,$47.97 ,$47.30 
7/16/2018,$200.00 ,60039200,$47.88 ,$48.16 ,$47.60 
7/13/2018,$10.00 ,50027320,$47.77 ,$47.96 ,$47.73 
7/12/2018,$20.00 ,72000720,$47.38 ,$47.85 ,$47.33 
7/11/2018,$30.00 ,75105560,$47.13 ,$47.45 ,$46.90 
7/10/2018,$40.00 ,63205480,$47.68 ,$47.82 ,$47.55 
7/9/2018,$50.00 ,78545560,$47.38 ,$47.67 ,$47.33 
7/6/2018,$60.00 ,69704640,$46.36 ,$47.11 ,$46.30 
7/5/2018,$70.00 ,66175520,$46.32 ,$46.60 ,$46.07 
7/3/2018,$80.00 ,55819240,$46.95 ,$46.99 ,$45.89 
7/2/2018,$90.00 ,70700840,$45.96 ,$46.83 ,$45.86 
6/29/2018,$100.00 ,90206640,$46.57 ,$46.80 ,$45.73 
6/28/2018,$110.00 ,69409520,$46.03 ,$46.55 ,$45.95 
6/27/2018,$120.00 ,99949040,$46.31 ,$46.82 ,$46.01 
6/26/2018,$130.00 ,97513920,$45.75 ,$46.63 ,$45.64 
6/25/2018,$140.00 ,126529280,$45.85 ,$46.23 ,$45.18 
6/22/2018,$150.00 ,108740520,$46.53 ,$46.54 ,$46.18 
6/21/2018,$160.00 ,102596960,$46.81 ,$47.09 ,$46.24 
6/20/2018,$170.00 ,81960360,$46.59 ,$46.80 ,$46.43 
6/19/2018,$180.00 ,134154200,$46.29 ,$46.58 ,$45.86 
6/18/2018,$190.00 ,73833640,$46.97 ,$47.31 ,$46.80 
6/15/2018,$200.00 ,245753160,$47.51 ,$47.54 ,$47.07 
6/14/2018,$10.00 ,86338880,$47.89 ,$47.89 ,$47.56 
6/13/2018,$20.00 ,85920480,$48.11 ,$48.22 ,$47.61 
6/12/2018,$30.00 ,67436080,$47.85 ,$48.15 ,$47.79 
6/11/2018,$40.00 ,72279720,$47.84 ,$47.99 ,$47.55 
6/8/2018,$50.00 ,106322840,$47.79 ,$48 ,$47.44 
6/7/2018,$60.00 ,85316680,$48.54 ,$48.55 ,$48.08 
6/6/2018,$70.00 ,83651280,$48.41 ,$48.52 ,$47.98 
6/5/2018,$80.00 ,86142280,$48.27 ,$48.49 ,$48.09 
6/4/2018,$90.00 ,104762480,$47.91 ,$48.36 ,$47.84 
6/1/2018,$100.00 ,93510760,$47.00 ,$47.57 ,$46.94 
5/31/2018,$110.00 ,109874800,$46.81 ,$47.06 ,$46.54 
5/30/2018,$120.00 ,74013640,$46.93 ,$47 ,$46.70 
5/29/2018,$130.00 ,89636440,$46.90 ,$47.19 ,$46.72 
5/25/2018,$140.00 ,68747040,$47.06 ,$47.41 ,$46.91 
5/24/2018,$150.00 ,92517600,$47.19 ,$47.21 ,$46.55 
5/23/2018,$160.00 ,79866360,$46.59 ,$47.13 ,$46.44 
5/22/2018,$170.00 ,60913080,$47.09 ,$47.22 ,$46.70 
5/21/2018,$180.00 ,73532320,$47 ,$47.32 ,$46.73 
5/18/2018,$190.00 ,72332320,$46.80 ,$46.95 ,$46.53 
5/17/2018,$200.00 ,68057960,$47 ,$47.23 ,$46.59 
5/16/2018,$10.00 ,76186400,$46.52 ,$47.12 ,$46.50 
5/15/2018,$20.00 ,94556280,$46.70 ,$46.77 ,$46.28 
5/14/2018,$30.00 ,81572280,$47.25 ,$47.38 ,$46.97 
5/11/2018,$40.00 ,104671800,$47.37 ,$47.52 ,$46.86 
5/10/2018,$50.00 ,111769720,$46.94 ,$47.59 ,$46.91 
5/9/2018,$60.00 ,92565040,$46.64 ,$46.85 ,$46.31 
5/8/2018,$70.00 ,112212920,$46.25 ,$46.56 ,$45.92 
5/7/2018,$80.00 ,170230120,$46.30 ,$46.92 ,$46.19 
5/4/2018,$90.00 ,224548920,$44.56 ,$46.06 ,$44.54 
5/3/2018,$100.00 ,135776440,$43.97 ,$44.38 ,$43.61 
5/2/2018,$110.00 ,265818880,$43.81 ,$44.44 ,$43.45 
5/1/2018,$120.00 ,208915640,$41.60 ,$42.30 ,$41.32 
4/30/2018,$130.00 ,167906000,$40.53 ,$41.82 ,$40.46 
4/27/2018,$140.00 ,142468920,$41 ,$41.08 ,$40.16 
4/26/2018,$150.00 ,111401480,$41.03 ,$41.43 ,$40.84 
4/25/2018,$160.00 ,113326160,$40.66 ,$41.36 ,$40.60 
4/24/2018,$170.00 ,134699840,$41.42 ,$41.58 ,$40.31 
4/23/2018,$180.00 ,145586360,$41.71 ,$41.73 ,$41.02 
4/20/2018,$190.00 ,261083800,$42.65 ,$42.80 ,$41.36 
4/19/2018,$200.00 ,138773120,$43.74 ,$43.85 ,$43.17 
4/18/2018,$10.00 ,82178400,$44.45 ,$44.71 ,$44.22 
4/17/2018,$20.00 ,106300040,$44.12 ,$44.73 ,$44.10 
4/16/2018,$30.00 ,86245280,$43.76 ,$44.05 ,$43.71 
4/13/2018,$40.00 ,100402040,$43.70 ,$43.96 ,$43.46 
4/12/2018,$50.00 ,91435360,$43.35 ,$43.75 ,$43.26 
4/11/2018,$60.00 ,89604160,$43.06 ,$43.48 ,$42.93 
4/10/2018,$70.00 ,114268440,$43.25 ,$43.50 ,$42.88 
4/9/2018,$80.00 ,115904800,$42.47 ,$43.27 ,$42.46 
4/6/2018,$90.00 ,139798760,$42.74 ,$43.12 ,$42.05 
4/5/2018,$100.00 ,107001040,$43.15 ,$43.56 ,$43.02 
4/4/2018,$110.00 ,138327400,$41.22 ,$43.00 ,$41.19 
4/3/2018,$120.00 ,120950560,$41.91 ,$42.19 ,$41.22 
4/2/2018,$130.00 ,149702560,$41.97 ,$42.24 ,$41.12 
3/29/2018,$140.00 ,152465160,$41.95 ,$42.94 ,$41.73 
3/28/2018,$150.00 ,165859520,$41.81 ,$42.51 ,$41.30 
3/27/2018,$160.00 ,159296800,$43.42 ,$43.79 ,$41.73 
3/26/2018,$170.00 ,147114240,$42.02 ,$43.28 ,$41.61 
3/23/2018,$180.00 ,163938160,$42.10 ,$42.48 ,$41.24 
3/22/2018,$190.00 ,165343920,$42.50 ,$43.17 ,$42.15 
3/21/2018,$200.00 ,145551520,$43.76 ,$43.77 ,$42.82 
3/20/2018,$10.00 ,78482080,$43.81 ,$44.20 ,$43.74 
3/19/2018,$20.00 ,131724440,$44.33 ,$44.37 ,$43.42 
3/16/2018,$30.00 ,153253320,$44.66 ,$44.78 ,$44.41 
3/15/2018,$40.00 ,90706080,$44.63 ,$45.06 ,$44.52 
3/14/2018,$50.00 ,117338520,$45.08 ,$45.13 ,$44.45 
3/13/2018,$60.00 ,125856680,$45.65 ,$45.88 ,$44.81 
3/12/2018,$70.00 ,128764280,$45.07 ,$45.60 ,$45.05 
3/9/2018,$80.00 ,128521440,$44.49 ,$45 ,$44.35 
3/8/2018,$90.00 ,98075400,$43.87 ,$44.28 ,$43.77 
3/7/2018,$100.00 ,126745800,$43.74 ,$43.96 ,$43.57 
3/6/2018,$110.00 ,93092640,$44.48 ,$44.56 ,$44.03 
3/5/2018,$120.00 ,111300560,$43.80 ,$44.44 ,$43.63 
3/2/2018,$130.00 ,153704240,$43.20 ,$44.08 ,$43.11 
3/1/2018,$140.00 ,194824680,$44.64 ,$44.94 ,$43.17 
2/28/2018,$150.00 ,150272320,$44.82 ,$45.15 ,$44.51 
2/27/2018,$160.00 ,155542040,$44.78 ,$45.12 ,$44.54 
2/26/2018,$170.00 ,149414680,$44.09 ,$44.85 ,$44.05 
2/23/2018,$180.00 ,135088200,$43.42 ,$43.91 ,$43.39 
2/22/2018,$190.00 ,123815040,$42.95 ,$43.49 ,$42.93 
2/21/2018,$200.00 ,149512280,$43.21 ,$43.53 ,$42.75 
2/20/2018,$10.00 ,134762640,$43.01 ,$43.57 ,$42.86 
2/16/2018,$20.00 ,160455160,$43.09 ,$43.71 ,$42.94 
2/15/2018,$30.00 ,203634160,$42.45 ,$43.27 ,$42.25 
2/14/2018,$40.00 ,161531560,$40.76 ,$41.89 ,$40.72 
2/13/2018,$50.00 ,129933240,$40.49 ,$41.19 ,$40.41 
2/12/2018,$60.00 ,243099600,$39.63 ,$40.97 ,$39.38 
2/9/2018,$70.00 ,282334120,$39.27 ,$39.47 ,$37.56 
2/8/2018,$80.00 ,216583720,$40.07 ,$40.25 ,$38.76 
2/7/2018,$90.00 ,205869760,$40.77 ,$40.85 ,$39.77 
2/6/2018,$100.00 ,272687760,$38.71 ,$40.93 ,$38.50 
2/5/2018,$110.00 ,288861280,$39.78 ,$40.97 ,$39 
2/2/2018,$120.00 ,343828200,$41.50 ,$41.70 ,$40.03 
2/1/2018,$130.00 ,177812920,$41.79 ,$42.16 ,$41.69 
1/31/2018,$140.00 ,128938080,$41.72 ,$42.11 ,$41.63 
1/30/2018,$150.00 ,182541880,$41.38 ,$41.84 ,$41.18 
1/29/2018,$160.00 ,202261680,$42.54 ,$42.54 ,$41.77 
1/26/2018,$170.00 ,156301000,$43 ,$43 ,$42.52 
1/25/2018,$180.00 ,165753120,$43.63 ,$43.74 ,$42.63 
1/24/2018,$190.00 ,205474160,$44.31 ,$44.33 ,$43.30 
1/23/2018,$200.00 ,129583480,$44.33 ,$44.86 ,$44.21 
1/22/2018,$10.00 ,108208000,$44.33 ,$44.45 ,$44.15 
1/19/2018,$20.00 ,125225560,$44.65 ,$44.90 ,$44.35 
1/18/2018,$30.00 ,124349320,$44.84 ,$45.03 ,$44.56 
1/17/2018,$40.00 ,137040920,$44.04 ,$44.81 ,$43.77 
1/16/2018,$50.00 ,118049640,$44.48 ,$44.85 ,$44.04 
1/12/2018,$60.00 ,101208800,$44.05 ,$44.34 ,$43.91 
1/11/2018,$70.00 ,74613520,$43.65 ,$43.87 ,$43.62 
1/10/2018,$80.00 ,95006760,$43.29 ,$43.58 ,$43.25 
1/9/2018,$90.00 ,86128800,$43.64 ,$43.77 ,$43.35 
1/8/2018,$100.00 ,82095480,$43.59 ,$43.90 ,$43.48 
1/5/2018,$110.00 ,94359720,$43.36 ,$43.84 ,$43.26 
1/4/2018,$120.00 ,89370600,$43.14 ,$43.37 ,$43.02 
1/3/2018,$130.00 ,117844160,$43.13 ,$43.64 ,$42.99 
1/2/2018,$140.00 ,101602160,$42.54 ,$43.08 ,$42.32 
12/29/2017,$150.00 ,103755040,$42.63 ,$42.65 ,$42.31 
12/28/2017,$160.00 ,65649080,$42.75 ,$42.96 ,$42.62 
12/27/2017,$170.00 ,85909520,$42.53 ,$42.70 ,$42.43 
12/26/2017,$180.00 ,132453360,$42.70 ,$42.87 ,$42.42 
12/22/2017,$190.00 ,65358760,$43.67 ,$43.86 ,$43.63 
12/21/2017,$200.00 ,83394640,$43.54 ,$44.01 ,$43.53 
12/20/2017,$10.00 ,93805680,$43.72 ,$43.86 ,$43.31 
12/19/2017,$20.00 ,109574640,$43.76 ,$43.85 ,$43.52 
12/18/2017,$30.00 ,117542600,$43.72 ,$44.30 ,$43.72 
12/15/2017,$40.00 ,160488400,$43.41 ,$43.54 ,$43.12 
12/14/2017,$50.00 ,81770960,$43.10 ,$43.28 ,$42.91 
12/13/2017,$60.00 ,93610040,$43.13 ,$43.39 ,$43 
12/12/2017,$70.00 ,76352680,$43.04 ,$43.10 ,$42.87 
12/11/2017,$80.00 ,137043560,$42.30 ,$43.22 ,$42.20 
12/8/2017,$90.00 ,93143040,$42.62 ,$42.75 ,$42.21 
12/7/2017,$100.00 ,102624440,$42.26 ,$42.61 ,$42.23 
12/6/2017,$110.00 ,113591240,$41.88 ,$42.55 ,$41.62 
12/5/2017,$120.00 ,109262120,$42.27 ,$42.88 ,$42.10 
12/4/2017,$130.00 ,130050320,$43.12 ,$43.16 ,$42.41 
12/1/2017,$140.00 ,158940440,$42.49 ,$42.92 ,$42.13 
11/30/2017,$150.00 ,165938160,$42.61 ,$43.04 ,$42.11 
11/29/2017,$160.00 ,165836480,$43.16 ,$43.23 ,$41.79 
11/28/2017,$170.00 ,105548960,$43.58 ,$43.72 ,$42.97 
11/27/2017,$180.00 ,82364360,$43.76 ,$43.77 ,$43.34 
11/24/2017,$190.00 ,56106680,$43.78 ,$43.88 ,$43.66 
11/22/2017,$200.00 ,102234720,$43.34 ,$43.75 ,$43.26 
11/21/2017,$10.00 ,100188520,$42.70 ,$43.43 ,$42.70 
11/20/2017,$20.00 ,64166200,$42.57 ,$42.64 ,$42.39 
11/17/2017,$30.00 ,87536040,$42.76 ,$42.85 ,$42.41 
11/16/2017,$40.00 ,94394600,$42.80 ,$42.97 ,$42.58 
11/15/2017,$50.00 ,115992880,$42.49 ,$42.58 ,$42.10 
11/14/2017,$60.00 ,98733400,$43.26 ,$43.37 ,$42.80 
11/13/2017,$70.00 ,67825160,$43.38 ,$43.63 ,$43.35 
11/10/2017,$80.00 ,100518040,$43.78 ,$43.85 ,$43.57 
11/9/2017,$90.00 ,117690440,$43.78 ,$44.02 ,$43.29 
11/8/2017,$100.00 ,97435680,$43.67 ,$44.06 ,$43.58 
11/7/2017,$110.00 ,97328480,$43.48 ,$43.81 ,$43.40 
11/6/2017,$120.00 ,139081920,$43.09 ,$43.75 ,$42.93 
11/3/2017,$130.00 ,237328840,$43.50 ,$43.57 ,$42.78 
11/2/2017,$140.00 ,158672400,$41.91 ,$42.13 ,$41.32 
11/1/2017,$150.00 ,133931880,$42.47 ,$42.49 ,$41.40 
10/31/2017,$160.00 ,143118080,$41.98 ,$42.41 ,$41.74 
10/30/2017,$170.00 ,178605680,$40.97 ,$42.02 ,$40.93 
10/27/2017,$180.00 ,177551080,$39.82 ,$40.90 ,$39.68 
10/26/2017,$190.00 ,67666600,$39.31 ,$39.46 ,$39.20 
10/25/2017,$200.00 ,84702680,$39.23 ,$39.39 ,$38.82 
10/24/2017,$10.00 ,70534920,$39.07 ,$39.36 ,$39.05 
10/23/2017,$20.00 ,87555720,$39.22 ,$39.42 ,$38.88 
10/20/2017,$30.00 ,95630160,$39.15 ,$39.44 ,$38.99 
10/19/2017,$40.00 ,169429680,$39.19 ,$39.27 ,$38.76 
10/18/2017,$50.00 ,65011400,$40.11 ,$40.18 ,$39.90 
10/17/2017,$60.00 ,75878800,$39.95 ,$40.22 ,$39.81 
10/16/2017,$70.00 ,96373200,$39.48 ,$40 ,$39.41 
10/13/2017,$80.00 ,65471120,$39.18 ,$39.32 ,$39.10 
10/12/2017,$90.00 ,65522280,$39.09 ,$39.34 ,$38.93 
10/11/2017,$100.00 ,67445800,$38.99 ,$39.25 ,$38.94 
10/10/2017,$110.00 ,62414080,$39.01 ,$39.50 ,$38.78 
10/9/2017,$120.00 ,64972320,$38.95 ,$39.18 ,$38.87 
10/6/2017,$130.00 ,68895160,$38.74 ,$38.87 ,$38.64 
10/5/2017,$140.00 ,84863480,$38.55 ,$38.86 ,$38.51 
10/4/2017,$150.00 ,80355760,$38.41 ,$38.47 ,$38.12 
10/3/2017,$160.00 ,64867200,$38.50 ,$38.77 ,$38.48 
10/2/2017,$170.00 ,74526160,$38.57 ,$38.61 ,$38.18 
9/29/2017,$180.00 ,104818680,$38.30 ,$38.53 ,$38 
9/28/2017,$190.00 ,87933640,$38.47 ,$38.57 ,$38.18 
9/27/2017,$200.00 ,101609080,$38.45 ,$38.68 ,$38.39 
9/26/2017,$10.00 ,143631080,$37.95 ,$38.48 ,$37.92 
9/25/2017,$20.00 ,177464560,$37.50 ,$37.96 ,$37.29 
9/22/2017,$30.00 ,186301640,$38.01 ,$38.07 ,$37.64 
9/21/2017,$40.00 ,149400240,$38.95 ,$38.95 ,$38.19 
9/20/2017,$50.00 ,208504960,$39.48 ,$39.57 ,$38.46 
9/19/2017,$60.00 ,82262480,$39.88 ,$39.94 ,$39.61 
9/18/2017,$70.00 ,112630520,$40.03 ,$40.13 ,$39.50 
9/15/2017,$80.00 ,195384240,$39.62 ,$40.24 ,$39.50 
9/14/2017,$90.00 ,94549240,$39.75 ,$39.85 ,$39.52 
9/13/2017,$100.00 ,179465120,$39.97 ,$39.99 ,$39.48 
9/12/2017,$110.00 ,286298240,$40.65 ,$40.99 ,$39.69 
9/11/2017,$120.00 ,126027560,$40.13 ,$40.51 ,$39.97 
9/8/2017,$130.00 ,113646960,$40.22 ,$40.29 ,$39.63 
9/7/2017,$140.00 ,87620640,$40.52 ,$40.56 ,$40.09 
9/6/2017,$150.00 ,86441200,$40.68 ,$40.75 ,$40.13 
9/5/2017,$160.00 ,117967640,$40.94 ,$41.06 ,$40.14 
9/1/2017,$170.00 ,66257360,$41.20 ,$41.24 ,$40.91 
8/31/2017,$180.00 ,106919760,$40.91 ,$41.13 ,$40.87 
,,,,,
,,,,,
